forest_id,name,area
FOREST_0000,Accept Forest,25507.3
FOREST_0001,Moment Forest,
FOREST_0002,Hit Forest,14996.6
FOREST_0003,Heavy Forest,15461.76
FOREST_0004,Particularly Forest,11964.18
FOREST_0005,President Forest,9876.02
FOREST_0006,Particularly Forest,34284.79
FOREST_0007,Tonight Forest,2331.14
FOREST_0008,Actually Forest,150453.5
FOREST_0009,Information Forest,8118.22
FOREST_0010,Mission Forest,65046.34
FOREST_0011,Society Forest,3278.04
FOREST_0012,Administration Forest,60069.66
FOREST_0013,Relate Forest,60350.04
FOREST_0014,Bag Forest,39194.95
FOREST_0015,At Forest,4956.01
FOREST_0016,Write Forest,32026.61
FOREST_0017,Whose Forest,
FOREST_0018,Difference Forest,15075.94
FOREST_0019,Movie Forest,
FOREST_0020,Generation Forest,72769.55
FOREST_0021,Response Forest,22533.86
FOREST_0022,Wrong Forest,5104.05
FOREST_0023,Nor Forest,58010.63
FOREST_0024,Never Forest,
FOREST_0025,Trial Forest,678.26
FOREST_0026,Read Forest,
FOREST_0027,Wide Forest,21240.2
FOREST_0028,Space Forest,133743.21
FOREST_0029,Writer Forest,4260.3
FOREST_0030,Case Forest,187.72
FOREST_0031,Arm Forest,33477.4
FOREST_0032,On Forest,34109.99
FOREST_0033,Back Forest,1744.1
FOREST_0034,Arm Forest,5075.86
FOREST_0035,Fact Forest,
FOREST_0036,Court Forest,13926.99
FOREST_0037,Continue Forest,65935.91
FOREST_0038,Really Forest,8300.0
FOREST_0039,Indicate Forest,
FOREST_0040,Manager Forest,17062.06
FOREST_0041,Pattern Forest,
FOREST_0042,Lay Forest,12090.59
FOREST_0043,To Forest,18546.54
FOREST_0044,Modern Forest,32741.62
FOREST_0045,Production Forest,17585.4
FOREST_0046,Executive Forest,3307.64
FOREST_0047,Image Forest,45673.67
FOREST_0048,Clearly Forest,1183.16
FOREST_0049,Talk Forest,1016.85
FOREST_0050,Method Forest,66754.08
FOREST_0051,Common Forest,47123.66
FOREST_0052,Year Forest,20209.48
FOREST_0053,Go Forest,2715.76
FOREST_0054,Science Forest,7616.97
FOREST_0055,Type Forest,14851.85
FOREST_0056,Particularly Forest,2010.54
FOREST_0057,May Forest,7269.6
FOREST_0058,Similar Forest,58600.32
FOREST_0059,Attorney Forest,187392.02
FOREST_0060,Anyone Forest,11741.07
FOREST_0061,Thousand Forest,68509.83
FOREST_0062,Real Forest,1247.52
FOREST_0063,Account Forest,59229.61
FOREST_0064,While Forest,6595.07
FOREST_0065,Purpose Forest,34927.1
FOREST_0066,Of Forest,15189.68
FOREST_0067,Toward Forest,159631.13
FOREST_0068,Modern Forest,5933.36
FOREST_0069,Certain Forest,56466.87
FOREST_0070,Idea Forest,14483.12
FOREST_0071,See Forest,
FOREST_0072,Service Forest,16717.63
FOREST_0073,Woman Forest,
FOREST_0074,Among Forest,
FOREST_0075,Nor Forest,20050.87
FOREST_0076,Size Forest,31629.97
FOREST_0077,Style Forest,25003.17
FOREST_0078,Let Forest,72910.78
FOREST_0079,Beat Forest,88015.03
FOREST_0080,Only Forest,4555.38
FOREST_0081,From Forest,81077.34
FOREST_0082,Even Forest,3716.34
FOREST_0083,Common Forest,53198.41
FOREST_0084,Oil Forest,55804.41
FOREST_0085,On Forest,1252.66
FOREST_0086,That Forest,25323.01
FOREST_0087,Community Forest,10908.04
FOREST_0088,At Forest,7057.54
FOREST_0089,Challenge Forest,167088.43
FOREST_0090,Explain Forest,8262.49
FOREST_0091,South Forest,
FOREST_0092,Within Forest,24674.91
FOREST_0093,True Forest,61598.0
FOREST_0094,Woman Forest,17810.21
FOREST_0095,Cold Forest,126697.27
FOREST_0096,Food Forest,48847.74
FOREST_0097,List Forest,839.4
FOREST_0098,In Forest,9954.69
FOREST_0099,Success Forest,9482.82
FOREST_0100,Paper Forest,45208.55
FOREST_0101,Trip Forest,429.57
FOREST_0102,Phone Forest,1008036.12
FOREST_0103,Month Forest,48851.44
FOREST_0104,Without Forest,
FOREST_0105,Line Forest,129618.6
FOREST_0106,Tree Forest,740796.38
FOREST_0107,Raise Forest,81317.78
FOREST_0108,Role Forest,91420.01
FOREST_0109,Girl Forest,26796.73
FOREST_0110,Citizen Forest,
FOREST_0111,Physical Forest,10789.26
FOREST_0112,Cost Forest,6379.42
FOREST_0113,Along Forest,7859.5
FOREST_0114,Foot Forest,2904.93
FOREST_0115,Final Forest,19657.08
FOREST_0116,Spring Forest,1759.88
FOREST_0117,For Forest,
FOREST_0118,Wrong Forest,20858.23
FOREST_0119,Hot Forest,27457.73
FOREST_0120,Night Forest,10064.83
FOREST_0121,Stand Forest,2225051.36
FOREST_0122,Black Forest,169426.39
FOREST_0123,Into Forest,3405.63
FOREST_0124,Rise Forest,31235.24
FOREST_0125,Street Forest,8848.39
FOREST_0126,Close Forest,4809.17
FOREST_0127,Court Forest,2950.98
FOREST_0128,Probably Forest,42121.98
FOREST_0129,Word Forest,7926.21
FOREST_0130,Race Forest,
FOREST_0131,Resource Forest,97799.36
FOREST_0132,Stock Forest,172969.68
FOREST_0133,Question Forest,6132.88
FOREST_0134,During Forest,44938.42
FOREST_0135,Easy Forest,56878.99
FOREST_0136,Important Forest,10815.47
FOREST_0137,Kitchen Forest,6921.18
FOREST_0138,Own Forest,246293.94
FOREST_0139,It Forest,30984.55
FOREST_0140,Out Forest,57179.55
FOREST_0141,Know Forest,6418.16
FOREST_0142,Cut Forest,3537.14
FOREST_0143,Six Forest,9375.22
FOREST_0144,Throw Forest,18287.41
FOREST_0145,Section Forest,4463.42
FOREST_0146,Work Forest,21703.59
FOREST_0147,Each Forest,
FOREST_0148,Wonder Forest,4104.87
FOREST_0149,Party Forest,60256.57
