PROVINCE,FOREST
PROVINCE_0000,FOREST_0133
PROVINCE_0000,FOREST_0092
PROVINCE_0000,FOREST_0122
PROVINCE_0000,FOREST_0107
PROVINCE_0001,FOREST_0108
PROVINCE_0002,FOREST_0064
PROVINCE_0002,FOREST_0074
PROVINCE_0003,FOREST_0011
PROVINCE_0003,FOREST_0071
PROVINCE_0004,FOREST_0017
PROVINCE_0004,FOREST_0121
PROVINCE_0004,FOREST_0083
PROVINCE_0004,FOREST_0087
PROVINCE_0005,FOREST_0130
PROVINCE_0006,FOREST_0112
PROVINCE_0006,FOREST_0005
PROVINCE_0006,FOREST_0022
PROVINCE_0006,FOREST_0126
PROVINCE_0006,FOREST_0144
PROVINCE_0007,FOREST_0044
PROVINCE_0007,FOREST_0076
PROVINCE_0008,FOREST_0010
PROVINCE_0008,FOREST_0043
PROVINCE_0009,FOREST_0143
PROVINCE_0009,FOREST_0056
PROVINCE_0009,FOREST_0113
PROVINCE_0010,FOREST_0068
PROVINCE_0010,FOREST_0019
PROVINCE_0010,FOREST_0127
PROVINCE_0011,FOREST_0056
PROVINCE_0011,FOREST_0068
PROVINCE_0012,FOREST_0109
PROVINCE_0012,FOREST_0085
PROVINCE_0012,FOREST_0050
PROVINCE_0013,FOREST_0099
PROVINCE_0013,FOREST_0146
PROVINCE_0013,FOREST_0065
PROVINCE_0013,FOREST_0114
PROVINCE_0013,FOREST_0145
PROVINCE_0014,FOREST_0042
PROVINCE_0015,FOREST_0075
PROVINCE_0015,FOREST_0137
PROVINCE_0015,FOREST_0094
PROVINCE_0016,FOREST_0096
PROVINCE_0016,FOREST_0035
PROVINCE_0017,FOREST_0143
PROVINCE_0017,FOREST_0145
PROVINCE_0017,FOREST_0010
PROVINCE_0017,FOREST_0071
PROVINCE_0018,FOREST_0044
PROVINCE_0018,FOREST_0050
PROVINCE_0018,FOREST_0132
PROVINCE_0018,FOREST_0111
PROVINCE_0019,FOREST_0016
PROVINCE_0019,FOREST_0003
PROVINCE_0019,FOREST_0000
PROVINCE_0020,FOREST_0086
PROVINCE_0020,FOREST_0058
PROVINCE_0020,FOREST_0128
PROVINCE_0020,FOREST_0080
PROVINCE_0020,FOREST_0123
PROVINCE_0021,FOREST_0044
PROVINCE_0021,FOREST_0023
PROVINCE_0021,FOREST_0100
PROVINCE_0022,FOREST_0060
PROVINCE_0022,FOREST_0082
PROVINCE_0022,FOREST_0004
PROVINCE_0023,FOREST_0148
PROVINCE_0024,FOREST_0122
PROVINCE_0024,FOREST_0136
PROVINCE_0025,FOREST_0067
PROVINCE_0026,FOREST_0012
PROVINCE_0026,FOREST_0078
PROVINCE_0026,FOREST_0125
PROVINCE_0026,FOREST_0105
PROVINCE_0027,FOREST_0075
PROVINCE_0028,FOREST_0116
PROVINCE_0028,FOREST_0129
PROVINCE_0029,FOREST_0067
PROVINCE_0029,FOREST_0070
PROVINCE_0029,FOREST_0054
PROVINCE_0029,FOREST_0117
PROVINCE_0029,FOREST_0013
PROVINCE_0030,FOREST_0096
PROVINCE_0030,FOREST_0021
PROVINCE_0030,FOREST_0138
PROVINCE_0030,FOREST_0115
PROVINCE_0031,FOREST_0106
PROVINCE_0031,FOREST_0065
PROVINCE_0031,FOREST_0119
PROVINCE_0032,FOREST_0099
PROVINCE_0032,FOREST_0059
PROVINCE_0033,FOREST_0141
PROVINCE_0033,FOREST_0017
PROVINCE_0033,FOREST_0094
PROVINCE_0033,FOREST_0076
PROVINCE_0034,FOREST_0132
PROVINCE_0035,FOREST_0132
PROVINCE_0035,FOREST_0146
PROVINCE_0035,FOREST_0008
PROVINCE_0036,FOREST_0038
PROVINCE_0037,FOREST_0121
PROVINCE_0037,FOREST_0042
PROVINCE_0037,FOREST_0147
PROVINCE_0037,FOREST_0028
PROVINCE_0038,FOREST_0132
PROVINCE_0039,FOREST_0085
PROVINCE_0039,FOREST_0010
PROVINCE_0039,FOREST_0116
PROVINCE_0040,FOREST_0098
PROVINCE_0040,FOREST_0005
PROVINCE_0040,FOREST_0074
PROVINCE_0040,FOREST_0060
PROVINCE_0040,FOREST_0093
PROVINCE_0041,FOREST_0109
PROVINCE_0041,FOREST_0008
PROVINCE_0041,FOREST_0086
PROVINCE_0041,FOREST_0009
PROVINCE_0042,FOREST_0063
PROVINCE_0042,FOREST_0113
PROVINCE_0043,FOREST_0108
PROVINCE_0043,FOREST_0130
PROVINCE_0043,FOREST_0062
PROVINCE_0044,FOREST_0006
PROVINCE_0044,FOREST_0101
PROVINCE_0045,FOREST_0112
PROVINCE_0045,FOREST_0054
PROVINCE_0045,FOREST_0005
PROVINCE_0045,FOREST_0103
PROVINCE_0046,FOREST_0030
PROVINCE_0046,FOREST_0140
PROVINCE_0046,FOREST_0034
PROVINCE_0046,FOREST_0046
PROVINCE_0047,FOREST_0107
PROVINCE_0047,FOREST_0105
PROVINCE_0048,FOREST_0147
PROVINCE_0048,FOREST_0071
PROVINCE_0048,FOREST_0020
PROVINCE_0048,FOREST_0004
PROVINCE_0049,FOREST_0115
PROVINCE_0049,FOREST_0130
PROVINCE_0049,FOREST_0129
PROVINCE_0049,FOREST_0110
PROVINCE_0049,FOREST_0084
PROVINCE_0050,FOREST_0128
PROVINCE_0050,FOREST_0084
PROVINCE_0051,FOREST_0011
PROVINCE_0051,FOREST_0099
PROVINCE_0051,FOREST_0120
PROVINCE_0051,FOREST_0052
PROVINCE_0051,FOREST_0146
PROVINCE_0052,FOREST_0052
PROVINCE_0052,FOREST_0077
PROVINCE_0052,FOREST_0043
PROVINCE_0052,FOREST_0131
PROVINCE_0053,FOREST_0128
PROVINCE_0053,FOREST_0123
PROVINCE_0053,FOREST_0102
PROVINCE_0053,FOREST_0006
PROVINCE_0053,FOREST_0080
PROVINCE_0054,FOREST_0005
PROVINCE_0054,FOREST_0077
PROVINCE_0054,FOREST_0146
PROVINCE_0055,FOREST_0035
PROVINCE_0055,FOREST_0030
PROVINCE_0056,FOREST_0015
PROVINCE_0056,FOREST_0067
PROVINCE_0056,FOREST_0143
PROVINCE_0056,FOREST_0108
PROVINCE_0057,FOREST_0139
PROVINCE_0058,FOREST_0113
PROVINCE_0058,FOREST_0007
PROVINCE_0058,FOREST_0104
PROVINCE_0058,FOREST_0100
PROVINCE_0059,FOREST_0047
PROVINCE_0059,FOREST_0015
PROVINCE_0060,FOREST_0102
PROVINCE_0061,FOREST_0147
PROVINCE_0061,FOREST_0003
PROVINCE_0062,FOREST_0049
PROVINCE_0062,FOREST_0148
PROVINCE_0062,FOREST_0045
PROVINCE_0062,FOREST_0130
PROVINCE_0063,FOREST_0020
PROVINCE_0063,FOREST_0145
PROVINCE_0063,FOREST_0137
PROVINCE_0063,FOREST_0040
PROVINCE_0063,FOREST_0125
PROVINCE_0064,FOREST_0143
PROVINCE_0065,FOREST_0107
PROVINCE_0065,FOREST_0082
PROVINCE_0066,FOREST_0059
PROVINCE_0066,FOREST_0118
PROVINCE_0067,FOREST_0117
PROVINCE_0068,FOREST_0136
PROVINCE_0069,FOREST_0078
PROVINCE_0069,FOREST_0067
PROVINCE_0069,FOREST_0043
PROVINCE_0069,FOREST_0103
PROVINCE_0070,FOREST_0074
PROVINCE_0070,FOREST_0040
PROVINCE_0070,FOREST_0007
PROVINCE_0070,FOREST_0052
PROVINCE_0070,FOREST_0137
PROVINCE_0071,FOREST_0022
PROVINCE_0071,FOREST_0060
PROVINCE_0072,FOREST_0077
PROVINCE_0072,FOREST_0004
PROVINCE_0072,FOREST_0028
PROVINCE_0073,FOREST_0091
PROVINCE_0073,FOREST_0144
PROVINCE_0073,FOREST_0107
PROVINCE_0074,FOREST_0006
PROVINCE_0074,FOREST_0097
PROVINCE_0074,FOREST_0045
PROVINCE_0074,FOREST_0016
PROVINCE_0075,FOREST_0087
PROVINCE_0075,FOREST_0137
PROVINCE_0075,FOREST_0112
PROVINCE_0075,FOREST_0048
PROVINCE_0075,FOREST_0000
PROVINCE_0076,FOREST_0066
PROVINCE_0076,FOREST_0135
PROVINCE_0076,FOREST_0041
PROVINCE_0077,FOREST_0059
PROVINCE_0077,FOREST_0143
PROVINCE_0077,FOREST_0131
PROVINCE_0078,FOREST_0062
PROVINCE_0078,FOREST_0013
PROVINCE_0078,FOREST_0037
PROVINCE_0079,FOREST_0119
PROVINCE_0080,FOREST_0028
PROVINCE_0080,FOREST_0106
PROVINCE_0080,FOREST_0120
PROVINCE_0080,FOREST_0128
PROVINCE_0080,FOREST_0001
PROVINCE_0081,FOREST_0096
PROVINCE_0081,FOREST_0069
PROVINCE_0081,FOREST_0056
PROVINCE_0081,FOREST_0029
PROVINCE_0082,FOREST_0135
PROVINCE_0082,FOREST_0148
PROVINCE_0082,FOREST_0013
PROVINCE_0083,FOREST_0097
PROVINCE_0084,FOREST_0148
PROVINCE_0084,FOREST_0036
PROVINCE_0084,FOREST_0130
PROVINCE_0085,FOREST_0084
PROVINCE_0086,FOREST_0051
PROVINCE_0087,FOREST_0011
PROVINCE_0087,FOREST_0029
PROVINCE_0087,FOREST_0121
PROVINCE_0087,FOREST_0013
PROVINCE_0088,FOREST_0039
PROVINCE_0088,FOREST_0105
PROVINCE_0088,FOREST_0076
PROVINCE_0088,FOREST_0010
PROVINCE_0088,FOREST_0114
PROVINCE_0089,FOREST_0052
PROVINCE_0090,FOREST_0131
PROVINCE_0091,FOREST_0008
PROVINCE_0091,FOREST_0132
PROVINCE_0091,FOREST_0016
PROVINCE_0091,FOREST_0116
PROVINCE_0091,FOREST_0040
PROVINCE_0092,FOREST_0038
PROVINCE_0092,FOREST_0135
PROVINCE_0092,FOREST_0042
PROVINCE_0092,FOREST_0106
PROVINCE_0093,FOREST_0044
PROVINCE_0093,FOREST_0075
PROVINCE_0093,FOREST_0076
PROVINCE_0093,FOREST_0134
PROVINCE_0093,FOREST_0083
PROVINCE_0094,FOREST_0004
PROVINCE_0095,FOREST_0037
PROVINCE_0095,FOREST_0132
PROVINCE_0095,FOREST_0129
PROVINCE_0095,FOREST_0148
PROVINCE_0096,FOREST_0144
PROVINCE_0096,FOREST_0047
PROVINCE_0096,FOREST_0119
PROVINCE_0097,FOREST_0022
PROVINCE_0097,FOREST_0019
PROVINCE_0097,FOREST_0107
PROVINCE_0098,FOREST_0000
PROVINCE_0098,FOREST_0108
PROVINCE_0098,FOREST_0028
PROVINCE_0098,FOREST_0098
PROVINCE_0098,FOREST_0043
PROVINCE_0099,FOREST_0103
PROVINCE_0099,FOREST_0100
PROVINCE_0099,FOREST_0033
PROVINCE_0099,FOREST_0003
PROVINCE_0100,FOREST_0008
PROVINCE_0100,FOREST_0135
PROVINCE_0100,FOREST_0034
PROVINCE_0100,FOREST_0004
PROVINCE_0100,FOREST_0061
PROVINCE_0101,FOREST_0030
PROVINCE_0101,FOREST_0116
PROVINCE_0101,FOREST_0014
PROVINCE_0101,FOREST_0044
PROVINCE_0101,FOREST_0107
PROVINCE_0102,FOREST_0067
PROVINCE_0102,FOREST_0071
PROVINCE_0103,FOREST_0055
PROVINCE_0103,FOREST_0083
PROVINCE_0103,FOREST_0097
PROVINCE_0104,FOREST_0064
PROVINCE_0104,FOREST_0085
PROVINCE_0105,FOREST_0124
PROVINCE_0105,FOREST_0001
PROVINCE_0105,FOREST_0020
PROVINCE_0105,FOREST_0045
PROVINCE_0105,FOREST_0002
PROVINCE_0106,FOREST_0036
PROVINCE_0106,FOREST_0076
PROVINCE_0106,FOREST_0041
PROVINCE_0107,FOREST_0055
PROVINCE_0107,FOREST_0104
PROVINCE_0107,FOREST_0004
PROVINCE_0108,FOREST_0023
PROVINCE_0108,FOREST_0039
PROVINCE_0108,FOREST_0057
PROVINCE_0108,FOREST_0117
PROVINCE_0108,FOREST_0093
PROVINCE_0109,FOREST_0002
PROVINCE_0109,FOREST_0046
PROVINCE_0110,FOREST_0068
PROVINCE_0110,FOREST_0145
PROVINCE_0110,FOREST_0115
PROVINCE_0110,FOREST_0103
PROVINCE_0110,FOREST_0015
PROVINCE_0111,FOREST_0096
PROVINCE_0111,FOREST_0114
PROVINCE_0112,FOREST_0033
PROVINCE_0113,FOREST_0062
PROVINCE_0113,FOREST_0096
PROVINCE_0113,FOREST_0081
PROVINCE_0114,FOREST_0078
PROVINCE_0114,FOREST_0010
PROVINCE_0115,FOREST_0090
PROVINCE_0115,FOREST_0056
PROVINCE_0115,FOREST_0108
PROVINCE_0116,FOREST_0128
PROVINCE_0116,FOREST_0020
PROVINCE_0116,FOREST_0136
PROVINCE_0117,FOREST_0094
PROVINCE_0117,FOREST_0071
PROVINCE_0117,FOREST_0004
PROVINCE_0117,FOREST_0062
PROVINCE_0118,FOREST_0069
PROVINCE_0118,FOREST_0130
PROVINCE_0118,FOREST_0139
PROVINCE_0118,FOREST_0037
PROVINCE_0119,FOREST_0090
PROVINCE_0120,FOREST_0115
PROVINCE_0120,FOREST_0127
PROVINCE_0120,FOREST_0063
PROVINCE_0120,FOREST_0132
PROVINCE_0120,FOREST_0094
PROVINCE_0121,FOREST_0102
PROVINCE_0121,FOREST_0105
PROVINCE_0121,FOREST_0038
PROVINCE_0122,FOREST_0032
PROVINCE_0122,FOREST_0059
PROVINCE_0123,FOREST_0009
PROVINCE_0123,FOREST_0097
PROVINCE_0123,FOREST_0103
PROVINCE_0123,FOREST_0118
PROVINCE_0124,FOREST_0135
PROVINCE_0124,FOREST_0104
PROVINCE_0124,FOREST_0072
PROVINCE_0124,FOREST_0149
PROVINCE_0124,FOREST_0018
PROVINCE_0125,FOREST_0095
PROVINCE_0125,FOREST_0148
PROVINCE_0126,FOREST_0145
PROVINCE_0126,FOREST_0124
PROVINCE_0126,FOREST_0044
PROVINCE_0127,FOREST_0012
PROVINCE_0127,FOREST_0065
PROVINCE_0128,FOREST_0134
PROVINCE_0128,FOREST_0099
PROVINCE_0129,FOREST_0042
PROVINCE_0129,FOREST_0105
PROVINCE_0130,FOREST_0032
PROVINCE_0130,FOREST_0002
PROVINCE_0130,FOREST_0098
PROVINCE_0130,FOREST_0106
PROVINCE_0130,FOREST_0101
PROVINCE_0131,FOREST_0116
PROVINCE_0132,FOREST_0149
PROVINCE_0132,FOREST_0104
PROVINCE_0132,FOREST_0045
PROVINCE_0132,FOREST_0048
PROVINCE_0132,FOREST_0088
PROVINCE_0133,FOREST_0039
PROVINCE_0133,FOREST_0140
PROVINCE_0133,FOREST_0063
PROVINCE_0133,FOREST_0055
PROVINCE_0134,FOREST_0141
PROVINCE_0134,FOREST_0122
PROVINCE_0134,FOREST_0102
PROVINCE_0135,FOREST_0131
PROVINCE_0135,FOREST_0118
PROVINCE_0135,FOREST_0126
PROVINCE_0135,FOREST_0115
PROVINCE_0135,FOREST_0047
PROVINCE_0136,FOREST_0111
PROVINCE_0136,FOREST_0003
PROVINCE_0136,FOREST_0077
PROVINCE_0137,FOREST_0063
PROVINCE_0138,FOREST_0134
PROVINCE_0138,FOREST_0044
PROVINCE_0138,FOREST_0012
PROVINCE_0139,FOREST_0064
PROVINCE_0139,FOREST_0063
PROVINCE_0139,FOREST_0024
PROVINCE_0139,FOREST_0083
PROVINCE_0139,FOREST_0051
PROVINCE_0140,FOREST_0135
PROVINCE_0140,FOREST_0048
PROVINCE_0140,FOREST_0021
PROVINCE_0140,FOREST_0039
PROVINCE_0140,FOREST_0032
PROVINCE_0141,FOREST_0002
PROVINCE_0141,FOREST_0007
PROVINCE_0141,FOREST_0001
PROVINCE_0141,FOREST_0017
PROVINCE_0142,FOREST_0076
PROVINCE_0142,FOREST_0012
PROVINCE_0142,FOREST_0119
PROVINCE_0143,FOREST_0037
PROVINCE_0143,FOREST_0017
PROVINCE_0143,FOREST_0078
PROVINCE_0143,FOREST_0058
PROVINCE_0144,FOREST_0072
PROVINCE_0145,FOREST_0018
PROVINCE_0145,FOREST_0055
PROVINCE_0145,FOREST_0076
PROVINCE_0145,FOREST_0030
PROVINCE_0145,FOREST_0004
PROVINCE_0146,FOREST_0132
PROVINCE_0146,FOREST_0147
PROVINCE_0147,FOREST_0082
PROVINCE_0147,FOREST_0038
PROVINCE_0147,FOREST_0139
PROVINCE_0147,FOREST_0120
PROVINCE_0148,FOREST_0008
PROVINCE_0148,FOREST_0138
PROVINCE_0149,FOREST_0083
PROVINCE_0149,FOREST_0098
PROVINCE_0149,FOREST_0076
PROVINCE_0149,FOREST_0040
