MUNICIPALITY,DISTRICT
MUNICIPALITY_0000,DISTRICT_0335
MUNICIPALITY_0001,DISTRICT_0528
MUNICIPALITY_0002,DISTRICT_0596
MUNICIPALITY_0003,DISTRICT_0197
MUNICIPALITY_0004,DISTRICT_0369
MUNICIPALITY_0005,DISTRICT_0465
MUNICIPALITY_0006,DISTRICT_0100
MUNICIPALITY_0007,DISTRICT_0150
MUNICIPALITY_0008,DISTRICT_0435
MUNICIPALITY_0009,DISTRICT_0421
MUNICIPALITY_0010,DISTRICT_0083
MUNICIPALITY_0011,DISTRICT_0094
MUNICIPALITY_0012,DISTRICT_0063
MUNICIPALITY_0013,DISTRICT_0435
MUNICIPALITY_0014,DISTRICT_0133
MUNICIPALITY_0015,DISTRICT_0487
MUNICIPALITY_0016,DISTRICT_0219
MUNICIPALITY_0017,DISTRICT_0456
MUNICIPALITY_0018,DISTRICT_0079
MUNICIPALITY_0019,DISTRICT_0378
MUNICIPALITY_0020,DISTRICT_0538
MUNICIPALITY_0021,DISTRICT_0412
MUNICIPALITY_0022,DISTRICT_0572
MUNICIPALITY_0023,DISTRICT_0531
MUNICIPALITY_0024,DISTRICT_0404
MUNICIPALITY_0025,DISTRICT_0270
MUNICIPALITY_0026,DISTRICT_0598
MUNICIPALITY_0027,DISTRICT_0510
MUNICIPALITY_0028,DISTRICT_0433
MUNICIPALITY_0029,DISTRICT_0450
MUNICIPALITY_0030,DISTRICT_0501
MUNICIPALITY_0031,DISTRICT_0426
MUNICIPALITY_0032,DISTRICT_0166
MUNICIPALITY_0033,DISTRICT_0147
MUNICIPALITY_0034,DISTRICT_0517
MUNICIPALITY_0035,DISTRICT_0130
MUNICIPALITY_0036,DISTRICT_0496
MUNICIPALITY_0037,DISTRICT_0468
MUNICIPALITY_0038,DISTRICT_0132
MUNICIPALITY_0039,DISTRICT_0525
MUNICIPALITY_0040,DISTRICT_0541
MUNICIPALITY_0041,DISTRICT_0120
MUNICIPALITY_0042,DISTRICT_0217
MUNICIPALITY_0043,DISTRICT_0466
MUNICIPALITY_0044,DISTRICT_0484
MUNICIPALITY_0045,DISTRICT_0033
MUNICIPALITY_0046,DISTRICT_0160
MUNICIPALITY_0047,DISTRICT_0572
MUNICIPALITY_0048,DISTRICT_0378
MUNICIPALITY_0049,DISTRICT_0121
MUNICIPALITY_0050,DISTRICT_0418
MUNICIPALITY_0051,DISTRICT_0112
MUNICIPALITY_0052,DISTRICT_0123
MUNICIPALITY_0053,DISTRICT_0378
MUNICIPALITY_0054,DISTRICT_0585
MUNICIPALITY_0055,DISTRICT_0296
MUNICIPALITY_0056,DISTRICT_0041
MUNICIPALITY_0057,DISTRICT_0535
MUNICIPALITY_0058,DISTRICT_0156
MUNICIPALITY_0059,DISTRICT_0120
MUNICIPALITY_0060,DISTRICT_0380
MUNICIPALITY_0061,DISTRICT_0312
MUNICIPALITY_0062,DISTRICT_0383
MUNICIPALITY_0063,DISTRICT_0310
MUNICIPALITY_0064,DISTRICT_0301
MUNICIPALITY_0065,DISTRICT_0497
MUNICIPALITY_0066,DISTRICT_0028
MUNICIPALITY_0067,DISTRICT_0146
MUNICIPALITY_0068,DISTRICT_0145
MUNICIPALITY_0069,DISTRICT_0431
MUNICIPALITY_0070,DISTRICT_0049
MUNICIPALITY_0071,DISTRICT_0312
MUNICIPALITY_0072,DISTRICT_0290
MUNICIPALITY_0073,DISTRICT_0220
MUNICIPALITY_0074,DISTRICT_0187
MUNICIPALITY_0075,DISTRICT_0500
MUNICIPALITY_0076,DISTRICT_0002
MUNICIPALITY_0077,DISTRICT_0125
MUNICIPALITY_0078,DISTRICT_0560
MUNICIPALITY_0079,DISTRICT_0357
MUNICIPALITY_0080,DISTRICT_0069
MUNICIPALITY_0081,DISTRICT_0045
MUNICIPALITY_0082,DISTRICT_0427
MUNICIPALITY_0083,DISTRICT_0492
MUNICIPALITY_0084,DISTRICT_0586
MUNICIPALITY_0085,DISTRICT_0317
MUNICIPALITY_0086,DISTRICT_0579
MUNICIPALITY_0087,DISTRICT_0463
MUNICIPALITY_0088,DISTRICT_0345
MUNICIPALITY_0089,DISTRICT_0386
MUNICIPALITY_0090,DISTRICT_0486
MUNICIPALITY_0091,DISTRICT_0135
MUNICIPALITY_0092,DISTRICT_0141
MUNICIPALITY_0093,DISTRICT_0516
MUNICIPALITY_0094,DISTRICT_0471
MUNICIPALITY_0095,DISTRICT_0460
MUNICIPALITY_0096,DISTRICT_0459
MUNICIPALITY_0097,DISTRICT_0152
MUNICIPALITY_0098,DISTRICT_0333
MUNICIPALITY_0099,DISTRICT_0091
MUNICIPALITY_0100,DISTRICT_0419
MUNICIPALITY_0101,DISTRICT_0396
MUNICIPALITY_0102,DISTRICT_0238
MUNICIPALITY_0103,DISTRICT_0404
MUNICIPALITY_0104,DISTRICT_0347
MUNICIPALITY_0105,DISTRICT_0553
MUNICIPALITY_0106,DISTRICT_0046
MUNICIPALITY_0107,DISTRICT_0453
MUNICIPALITY_0108,DISTRICT_0284
MUNICIPALITY_0109,DISTRICT_0090
MUNICIPALITY_0110,DISTRICT_0169
MUNICIPALITY_0111,DISTRICT_0025
MUNICIPALITY_0112,DISTRICT_0585
MUNICIPALITY_0113,DISTRICT_0316
MUNICIPALITY_0114,DISTRICT_0574
MUNICIPALITY_0115,DISTRICT_0126
MUNICIPALITY_0116,DISTRICT_0572
MUNICIPALITY_0117,DISTRICT_0087
MUNICIPALITY_0118,DISTRICT_0197
MUNICIPALITY_0119,DISTRICT_0554
MUNICIPALITY_0120,DISTRICT_0590
MUNICIPALITY_0121,DISTRICT_0054
MUNICIPALITY_0122,DISTRICT_0583
MUNICIPALITY_0123,DISTRICT_0534
MUNICIPALITY_0124,DISTRICT_0193
MUNICIPALITY_0125,DISTRICT_0487
MUNICIPALITY_0126,DISTRICT_0514
MUNICIPALITY_0127,DISTRICT_0019
MUNICIPALITY_0128,DISTRICT_0123
MUNICIPALITY_0129,DISTRICT_0544
MUNICIPALITY_0130,DISTRICT_0184
MUNICIPALITY_0131,DISTRICT_0019
MUNICIPALITY_0132,DISTRICT_0281
MUNICIPALITY_0133,DISTRICT_0210
MUNICIPALITY_0134,DISTRICT_0251
MUNICIPALITY_0135,DISTRICT_0593
MUNICIPALITY_0136,DISTRICT_0454
MUNICIPALITY_0137,DISTRICT_0086
MUNICIPALITY_0138,DISTRICT_0546
MUNICIPALITY_0139,DISTRICT_0328
MUNICIPALITY_0140,DISTRICT_0411
MUNICIPALITY_0141,DISTRICT_0046
MUNICIPALITY_0142,DISTRICT_0503
MUNICIPALITY_0143,DISTRICT_0023
MUNICIPALITY_0144,DISTRICT_0348
MUNICIPALITY_0145,DISTRICT_0447
MUNICIPALITY_0146,DISTRICT_0184
MUNICIPALITY_0147,DISTRICT_0424
MUNICIPALITY_0148,DISTRICT_0024
MUNICIPALITY_0149,DISTRICT_0540
MUNICIPALITY_0150,DISTRICT_0324
MUNICIPALITY_0151,DISTRICT_0391
MUNICIPALITY_0152,DISTRICT_0263
MUNICIPALITY_0153,DISTRICT_0093
MUNICIPALITY_0154,DISTRICT_0117
MUNICIPALITY_0155,DISTRICT_0101
MUNICIPALITY_0156,DISTRICT_0554
MUNICIPALITY_0157,DISTRICT_0172
MUNICIPALITY_0158,DISTRICT_0292
MUNICIPALITY_0159,DISTRICT_0147
MUNICIPALITY_0160,DISTRICT_0187
MUNICIPALITY_0161,DISTRICT_0261
MUNICIPALITY_0162,DISTRICT_0091
MUNICIPALITY_0163,DISTRICT_0157
MUNICIPALITY_0164,DISTRICT_0314
MUNICIPALITY_0165,DISTRICT_0417
MUNICIPALITY_0166,DISTRICT_0173
MUNICIPALITY_0167,DISTRICT_0060
MUNICIPALITY_0168,DISTRICT_0333
MUNICIPALITY_0169,DISTRICT_0185
MUNICIPALITY_0170,DISTRICT_0027
MUNICIPALITY_0171,DISTRICT_0059
MUNICIPALITY_0172,DISTRICT_0305
MUNICIPALITY_0173,DISTRICT_0399
MUNICIPALITY_0174,DISTRICT_0101
MUNICIPALITY_0175,DISTRICT_0327
MUNICIPALITY_0176,DISTRICT_0145
MUNICIPALITY_0177,DISTRICT_0422
MUNICIPALITY_0178,DISTRICT_0331
MUNICIPALITY_0179,DISTRICT_0264
MUNICIPALITY_0180,DISTRICT_0384
MUNICIPALITY_0181,DISTRICT_0123
MUNICIPALITY_0182,DISTRICT_0053
MUNICIPALITY_0183,DISTRICT_0207
MUNICIPALITY_0184,DISTRICT_0245
MUNICIPALITY_0185,DISTRICT_0242
MUNICIPALITY_0186,DISTRICT_0504
MUNICIPALITY_0187,DISTRICT_0520
MUNICIPALITY_0188,DISTRICT_0516
MUNICIPALITY_0189,DISTRICT_0394
MUNICIPALITY_0190,DISTRICT_0117
MUNICIPALITY_0191,DISTRICT_0275
MUNICIPALITY_0192,DISTRICT_0062
MUNICIPALITY_0193,DISTRICT_0325
MUNICIPALITY_0194,DISTRICT_0475
MUNICIPALITY_0195,DISTRICT_0566
MUNICIPALITY_0196,DISTRICT_0416
MUNICIPALITY_0197,DISTRICT_0067
MUNICIPALITY_0198,DISTRICT_0495
MUNICIPALITY_0199,DISTRICT_0029
MUNICIPALITY_0200,DISTRICT_0417
MUNICIPALITY_0201,DISTRICT_0239
MUNICIPALITY_0202,DISTRICT_0019
MUNICIPALITY_0203,DISTRICT_0275
MUNICIPALITY_0204,DISTRICT_0567
MUNICIPALITY_0205,DISTRICT_0103
MUNICIPALITY_0206,DISTRICT_0252
MUNICIPALITY_0207,DISTRICT_0568
MUNICIPALITY_0208,DISTRICT_0128
MUNICIPALITY_0209,DISTRICT_0311
MUNICIPALITY_0210,DISTRICT_0581
MUNICIPALITY_0211,DISTRICT_0416
MUNICIPALITY_0212,DISTRICT_0456
MUNICIPALITY_0213,DISTRICT_0085
MUNICIPALITY_0214,DISTRICT_0512
MUNICIPALITY_0215,DISTRICT_0208
MUNICIPALITY_0216,DISTRICT_0145
MUNICIPALITY_0217,DISTRICT_0382
MUNICIPALITY_0218,DISTRICT_0553
MUNICIPALITY_0219,DISTRICT_0172
MUNICIPALITY_0220,DISTRICT_0251
MUNICIPALITY_0221,DISTRICT_0550
MUNICIPALITY_0222,DISTRICT_0433
MUNICIPALITY_0223,DISTRICT_0568
MUNICIPALITY_0224,DISTRICT_0462
MUNICIPALITY_0225,DISTRICT_0042
MUNICIPALITY_0226,DISTRICT_0001
MUNICIPALITY_0227,DISTRICT_0475
MUNICIPALITY_0228,DISTRICT_0296
MUNICIPALITY_0229,DISTRICT_0171
MUNICIPALITY_0230,DISTRICT_0000
MUNICIPALITY_0231,DISTRICT_0061
MUNICIPALITY_0232,DISTRICT_0493
MUNICIPALITY_0233,DISTRICT_0279
MUNICIPALITY_0234,DISTRICT_0256
MUNICIPALITY_0235,DISTRICT_0389
MUNICIPALITY_0236,DISTRICT_0359
MUNICIPALITY_0237,DISTRICT_0217
MUNICIPALITY_0238,DISTRICT_0599
MUNICIPALITY_0239,DISTRICT_0522
MUNICIPALITY_0240,DISTRICT_0288
MUNICIPALITY_0241,DISTRICT_0046
MUNICIPALITY_0242,DISTRICT_0165
MUNICIPALITY_0243,DISTRICT_0546
MUNICIPALITY_0244,DISTRICT_0576
MUNICIPALITY_0245,DISTRICT_0071
MUNICIPALITY_0246,DISTRICT_0307
MUNICIPALITY_0247,DISTRICT_0091
MUNICIPALITY_0248,DISTRICT_0404
MUNICIPALITY_0249,DISTRICT_0125
MUNICIPALITY_0250,DISTRICT_0143
MUNICIPALITY_0251,DISTRICT_0569
MUNICIPALITY_0252,DISTRICT_0286
MUNICIPALITY_0253,DISTRICT_0442
MUNICIPALITY_0254,DISTRICT_0215
MUNICIPALITY_0255,DISTRICT_0516
MUNICIPALITY_0256,DISTRICT_0325
MUNICIPALITY_0257,DISTRICT_0350
MUNICIPALITY_0258,DISTRICT_0267
MUNICIPALITY_0259,DISTRICT_0463
MUNICIPALITY_0260,DISTRICT_0279
MUNICIPALITY_0261,DISTRICT_0251
MUNICIPALITY_0262,DISTRICT_0329
MUNICIPALITY_0263,DISTRICT_0349
MUNICIPALITY_0264,DISTRICT_0215
MUNICIPALITY_0265,DISTRICT_0470
MUNICIPALITY_0266,DISTRICT_0336
MUNICIPALITY_0267,DISTRICT_0016
MUNICIPALITY_0268,DISTRICT_0136
MUNICIPALITY_0269,DISTRICT_0002
MUNICIPALITY_0270,DISTRICT_0487
MUNICIPALITY_0271,DISTRICT_0004
MUNICIPALITY_0272,DISTRICT_0009
MUNICIPALITY_0273,DISTRICT_0177
MUNICIPALITY_0274,DISTRICT_0423
MUNICIPALITY_0275,DISTRICT_0569
MUNICIPALITY_0276,DISTRICT_0500
MUNICIPALITY_0277,DISTRICT_0402
MUNICIPALITY_0278,DISTRICT_0551
MUNICIPALITY_0279,DISTRICT_0083
MUNICIPALITY_0280,DISTRICT_0079
MUNICIPALITY_0281,DISTRICT_0551
MUNICIPALITY_0282,DISTRICT_0031
MUNICIPALITY_0283,DISTRICT_0455
MUNICIPALITY_0284,DISTRICT_0126
MUNICIPALITY_0285,DISTRICT_0361
MUNICIPALITY_0286,DISTRICT_0385
MUNICIPALITY_0287,DISTRICT_0366
MUNICIPALITY_0288,DISTRICT_0396
MUNICIPALITY_0289,DISTRICT_0181
MUNICIPALITY_0290,DISTRICT_0008
MUNICIPALITY_0291,DISTRICT_0127
MUNICIPALITY_0292,DISTRICT_0473
MUNICIPALITY_0293,DISTRICT_0379
MUNICIPALITY_0294,DISTRICT_0197
MUNICIPALITY_0295,DISTRICT_0455
MUNICIPALITY_0296,DISTRICT_0009
MUNICIPALITY_0297,DISTRICT_0226
MUNICIPALITY_0298,DISTRICT_0020
MUNICIPALITY_0299,DISTRICT_0287
MUNICIPALITY_0300,DISTRICT_0366
MUNICIPALITY_0301,DISTRICT_0196
MUNICIPALITY_0302,DISTRICT_0092
MUNICIPALITY_0303,DISTRICT_0310
MUNICIPALITY_0304,DISTRICT_0226
MUNICIPALITY_0305,DISTRICT_0239
MUNICIPALITY_0306,DISTRICT_0505
MUNICIPALITY_0307,DISTRICT_0371
MUNICIPALITY_0308,DISTRICT_0037
MUNICIPALITY_0309,DISTRICT_0287
MUNICIPALITY_0310,DISTRICT_0504
MUNICIPALITY_0311,DISTRICT_0214
MUNICIPALITY_0312,DISTRICT_0007
MUNICIPALITY_0313,DISTRICT_0200
MUNICIPALITY_0314,DISTRICT_0405
MUNICIPALITY_0315,DISTRICT_0113
MUNICIPALITY_0316,DISTRICT_0284
MUNICIPALITY_0317,DISTRICT_0582
MUNICIPALITY_0318,DISTRICT_0512
MUNICIPALITY_0319,DISTRICT_0505
MUNICIPALITY_0320,DISTRICT_0174
MUNICIPALITY_0321,DISTRICT_0565
MUNICIPALITY_0322,DISTRICT_0198
MUNICIPALITY_0323,DISTRICT_0579
MUNICIPALITY_0324,DISTRICT_0578
MUNICIPALITY_0325,DISTRICT_0179
MUNICIPALITY_0326,DISTRICT_0066
MUNICIPALITY_0327,DISTRICT_0131
MUNICIPALITY_0328,DISTRICT_0066
MUNICIPALITY_0329,DISTRICT_0130
MUNICIPALITY_0330,DISTRICT_0265
MUNICIPALITY_0331,DISTRICT_0583
MUNICIPALITY_0332,DISTRICT_0233
MUNICIPALITY_0333,DISTRICT_0535
MUNICIPALITY_0334,DISTRICT_0280
MUNICIPALITY_0335,DISTRICT_0196
MUNICIPALITY_0336,DISTRICT_0023
MUNICIPALITY_0337,DISTRICT_0545
MUNICIPALITY_0338,DISTRICT_0258
MUNICIPALITY_0339,DISTRICT_0573
MUNICIPALITY_0340,DISTRICT_0464
MUNICIPALITY_0341,DISTRICT_0002
MUNICIPALITY_0342,DISTRICT_0437
MUNICIPALITY_0343,DISTRICT_0053
MUNICIPALITY_0344,DISTRICT_0330
MUNICIPALITY_0345,DISTRICT_0442
MUNICIPALITY_0346,DISTRICT_0416
MUNICIPALITY_0347,DISTRICT_0280
MUNICIPALITY_0348,DISTRICT_0124
MUNICIPALITY_0349,DISTRICT_0530
MUNICIPALITY_0350,DISTRICT_0477
MUNICIPALITY_0351,DISTRICT_0507
MUNICIPALITY_0352,DISTRICT_0370
MUNICIPALITY_0353,DISTRICT_0529
MUNICIPALITY_0354,DISTRICT_0044
MUNICIPALITY_0355,DISTRICT_0229
MUNICIPALITY_0356,DISTRICT_0048
MUNICIPALITY_0357,DISTRICT_0284
MUNICIPALITY_0358,DISTRICT_0430
MUNICIPALITY_0359,DISTRICT_0545
MUNICIPALITY_0360,DISTRICT_0459
MUNICIPALITY_0361,DISTRICT_0323
MUNICIPALITY_0362,DISTRICT_0005
MUNICIPALITY_0363,DISTRICT_0401
MUNICIPALITY_0364,DISTRICT_0199
MUNICIPALITY_0365,DISTRICT_0342
MUNICIPALITY_0366,DISTRICT_0083
MUNICIPALITY_0367,DISTRICT_0585
MUNICIPALITY_0368,DISTRICT_0025
MUNICIPALITY_0369,DISTRICT_0231
MUNICIPALITY_0370,DISTRICT_0433
MUNICIPALITY_0371,DISTRICT_0076
MUNICIPALITY_0372,DISTRICT_0255
MUNICIPALITY_0373,DISTRICT_0201
MUNICIPALITY_0374,DISTRICT_0168
MUNICIPALITY_0375,DISTRICT_0337
MUNICIPALITY_0376,DISTRICT_0318
MUNICIPALITY_0377,DISTRICT_0064
MUNICIPALITY_0378,DISTRICT_0099
MUNICIPALITY_0379,DISTRICT_0028
MUNICIPALITY_0380,DISTRICT_0491
MUNICIPALITY_0381,DISTRICT_0442
MUNICIPALITY_0382,DISTRICT_0024
MUNICIPALITY_0383,DISTRICT_0342
MUNICIPALITY_0384,DISTRICT_0256
MUNICIPALITY_0385,DISTRICT_0253
MUNICIPALITY_0386,DISTRICT_0110
MUNICIPALITY_0387,DISTRICT_0484
MUNICIPALITY_0388,DISTRICT_0244
MUNICIPALITY_0389,DISTRICT_0348
MUNICIPALITY_0390,DISTRICT_0055
MUNICIPALITY_0391,DISTRICT_0341
MUNICIPALITY_0392,DISTRICT_0532
MUNICIPALITY_0393,DISTRICT_0242
MUNICIPALITY_0394,DISTRICT_0074
MUNICIPALITY_0395,DISTRICT_0449
MUNICIPALITY_0396,DISTRICT_0097
MUNICIPALITY_0397,DISTRICT_0457
MUNICIPALITY_0398,DISTRICT_0592
MUNICIPALITY_0399,DISTRICT_0127
MUNICIPALITY_0400,DISTRICT_0087
MUNICIPALITY_0401,DISTRICT_0062
MUNICIPALITY_0402,DISTRICT_0034
MUNICIPALITY_0403,DISTRICT_0386
MUNICIPALITY_0404,DISTRICT_0320
MUNICIPALITY_0405,DISTRICT_0066
MUNICIPALITY_0406,DISTRICT_0130
MUNICIPALITY_0407,DISTRICT_0063
MUNICIPALITY_0408,DISTRICT_0452
MUNICIPALITY_0409,DISTRICT_0056
MUNICIPALITY_0410,DISTRICT_0308
MUNICIPALITY_0411,DISTRICT_0442
MUNICIPALITY_0412,DISTRICT_0067
MUNICIPALITY_0413,DISTRICT_0104
MUNICIPALITY_0414,DISTRICT_0057
MUNICIPALITY_0415,DISTRICT_0572
MUNICIPALITY_0416,DISTRICT_0053
MUNICIPALITY_0417,DISTRICT_0301
MUNICIPALITY_0418,DISTRICT_0390
MUNICIPALITY_0419,DISTRICT_0411
MUNICIPALITY_0420,DISTRICT_0098
MUNICIPALITY_0421,DISTRICT_0420
MUNICIPALITY_0422,DISTRICT_0238
MUNICIPALITY_0423,DISTRICT_0010
MUNICIPALITY_0424,DISTRICT_0464
MUNICIPALITY_0425,DISTRICT_0393
MUNICIPALITY_0426,DISTRICT_0475
MUNICIPALITY_0427,DISTRICT_0438
MUNICIPALITY_0428,DISTRICT_0103
MUNICIPALITY_0429,DISTRICT_0347
MUNICIPALITY_0430,DISTRICT_0026
MUNICIPALITY_0431,DISTRICT_0464
MUNICIPALITY_0432,DISTRICT_0529
MUNICIPALITY_0433,DISTRICT_0336
MUNICIPALITY_0434,DISTRICT_0197
MUNICIPALITY_0435,DISTRICT_0110
MUNICIPALITY_0436,DISTRICT_0105
MUNICIPALITY_0437,DISTRICT_0012
MUNICIPALITY_0438,DISTRICT_0069
MUNICIPALITY_0439,DISTRICT_0198
MUNICIPALITY_0440,DISTRICT_0586
MUNICIPALITY_0441,DISTRICT_0129
MUNICIPALITY_0442,DISTRICT_0521
MUNICIPALITY_0443,DISTRICT_0262
MUNICIPALITY_0444,DISTRICT_0363
MUNICIPALITY_0445,DISTRICT_0431
MUNICIPALITY_0446,DISTRICT_0492
MUNICIPALITY_0447,DISTRICT_0455
MUNICIPALITY_0448,DISTRICT_0190
MUNICIPALITY_0449,DISTRICT_0248
MUNICIPALITY_0450,DISTRICT_0140
MUNICIPALITY_0451,DISTRICT_0045
MUNICIPALITY_0452,DISTRICT_0061
MUNICIPALITY_0453,DISTRICT_0130
MUNICIPALITY_0454,DISTRICT_0319
MUNICIPALITY_0455,DISTRICT_0598
MUNICIPALITY_0456,DISTRICT_0446
MUNICIPALITY_0457,DISTRICT_0525
MUNICIPALITY_0458,DISTRICT_0366
MUNICIPALITY_0459,DISTRICT_0318
MUNICIPALITY_0460,DISTRICT_0597
MUNICIPALITY_0461,DISTRICT_0554
MUNICIPALITY_0462,DISTRICT_0149
MUNICIPALITY_0463,DISTRICT_0150
MUNICIPALITY_0464,DISTRICT_0480
MUNICIPALITY_0465,DISTRICT_0316
MUNICIPALITY_0466,DISTRICT_0351
MUNICIPALITY_0467,DISTRICT_0298
MUNICIPALITY_0468,DISTRICT_0377
MUNICIPALITY_0469,DISTRICT_0008
MUNICIPALITY_0470,DISTRICT_0530
MUNICIPALITY_0471,DISTRICT_0148
MUNICIPALITY_0472,DISTRICT_0058
MUNICIPALITY_0473,DISTRICT_0243
MUNICIPALITY_0474,DISTRICT_0519
MUNICIPALITY_0475,DISTRICT_0572
MUNICIPALITY_0476,DISTRICT_0055
MUNICIPALITY_0477,DISTRICT_0432
MUNICIPALITY_0478,DISTRICT_0352
MUNICIPALITY_0479,DISTRICT_0200
MUNICIPALITY_0480,DISTRICT_0205
MUNICIPALITY_0481,DISTRICT_0206
MUNICIPALITY_0482,DISTRICT_0070
MUNICIPALITY_0483,DISTRICT_0349
MUNICIPALITY_0484,DISTRICT_0193
MUNICIPALITY_0485,DISTRICT_0487
MUNICIPALITY_0486,DISTRICT_0478
MUNICIPALITY_0487,DISTRICT_0339
MUNICIPALITY_0488,DISTRICT_0592
MUNICIPALITY_0489,DISTRICT_0579
MUNICIPALITY_0490,DISTRICT_0343
MUNICIPALITY_0491,DISTRICT_0306
MUNICIPALITY_0492,DISTRICT_0428
MUNICIPALITY_0493,DISTRICT_0336
MUNICIPALITY_0494,DISTRICT_0166
MUNICIPALITY_0495,DISTRICT_0107
MUNICIPALITY_0496,DISTRICT_0465
MUNICIPALITY_0497,DISTRICT_0043
MUNICIPALITY_0498,DISTRICT_0507
MUNICIPALITY_0499,DISTRICT_0224
MUNICIPALITY_0500,DISTRICT_0003
MUNICIPALITY_0501,DISTRICT_0228
MUNICIPALITY_0502,DISTRICT_0235
MUNICIPALITY_0503,DISTRICT_0477
MUNICIPALITY_0504,DISTRICT_0218
MUNICIPALITY_0505,DISTRICT_0244
MUNICIPALITY_0506,DISTRICT_0492
MUNICIPALITY_0507,DISTRICT_0339
MUNICIPALITY_0508,DISTRICT_0384
MUNICIPALITY_0509,DISTRICT_0210
MUNICIPALITY_0510,DISTRICT_0409
MUNICIPALITY_0511,DISTRICT_0188
MUNICIPALITY_0512,DISTRICT_0006
MUNICIPALITY_0513,DISTRICT_0371
MUNICIPALITY_0514,DISTRICT_0010
MUNICIPALITY_0515,DISTRICT_0075
MUNICIPALITY_0516,DISTRICT_0366
MUNICIPALITY_0517,DISTRICT_0030
MUNICIPALITY_0518,DISTRICT_0568
MUNICIPALITY_0519,DISTRICT_0117
MUNICIPALITY_0520,DISTRICT_0145
MUNICIPALITY_0521,DISTRICT_0297
MUNICIPALITY_0522,DISTRICT_0450
MUNICIPALITY_0523,DISTRICT_0199
MUNICIPALITY_0524,DISTRICT_0599
MUNICIPALITY_0525,DISTRICT_0368
MUNICIPALITY_0526,DISTRICT_0044
MUNICIPALITY_0527,DISTRICT_0030
MUNICIPALITY_0528,DISTRICT_0203
MUNICIPALITY_0529,DISTRICT_0202
MUNICIPALITY_0530,DISTRICT_0290
MUNICIPALITY_0531,DISTRICT_0178
MUNICIPALITY_0532,DISTRICT_0224
MUNICIPALITY_0533,DISTRICT_0268
MUNICIPALITY_0534,DISTRICT_0178
MUNICIPALITY_0535,DISTRICT_0347
MUNICIPALITY_0536,DISTRICT_0567
MUNICIPALITY_0537,DISTRICT_0251
MUNICIPALITY_0538,DISTRICT_0182
MUNICIPALITY_0539,DISTRICT_0200
MUNICIPALITY_0540,DISTRICT_0022
MUNICIPALITY_0541,DISTRICT_0180
MUNICIPALITY_0542,DISTRICT_0268
MUNICIPALITY_0543,DISTRICT_0103
MUNICIPALITY_0544,DISTRICT_0021
MUNICIPALITY_0545,DISTRICT_0140
MUNICIPALITY_0546,DISTRICT_0388
MUNICIPALITY_0547,DISTRICT_0113
MUNICIPALITY_0548,DISTRICT_0346
MUNICIPALITY_0549,DISTRICT_0215
MUNICIPALITY_0550,DISTRICT_0312
MUNICIPALITY_0551,DISTRICT_0467
MUNICIPALITY_0552,DISTRICT_0245
MUNICIPALITY_0553,DISTRICT_0378
MUNICIPALITY_0554,DISTRICT_0381
MUNICIPALITY_0555,DISTRICT_0175
MUNICIPALITY_0556,DISTRICT_0539
MUNICIPALITY_0557,DISTRICT_0444
MUNICIPALITY_0558,DISTRICT_0066
MUNICIPALITY_0559,DISTRICT_0121
MUNICIPALITY_0560,DISTRICT_0147
MUNICIPALITY_0561,DISTRICT_0133
MUNICIPALITY_0562,DISTRICT_0194
MUNICIPALITY_0563,DISTRICT_0196
MUNICIPALITY_0564,DISTRICT_0545
MUNICIPALITY_0565,DISTRICT_0387
MUNICIPALITY_0566,DISTRICT_0383
MUNICIPALITY_0567,DISTRICT_0325
MUNICIPALITY_0568,DISTRICT_0439
MUNICIPALITY_0569,DISTRICT_0250
MUNICIPALITY_0570,DISTRICT_0047
MUNICIPALITY_0571,DISTRICT_0193
MUNICIPALITY_0572,DISTRICT_0548
MUNICIPALITY_0573,DISTRICT_0301
MUNICIPALITY_0574,DISTRICT_0152
MUNICIPALITY_0575,DISTRICT_0335
MUNICIPALITY_0576,DISTRICT_0253
MUNICIPALITY_0577,DISTRICT_0054
MUNICIPALITY_0578,DISTRICT_0286
MUNICIPALITY_0579,DISTRICT_0129
MUNICIPALITY_0580,DISTRICT_0520
MUNICIPALITY_0581,DISTRICT_0598
MUNICIPALITY_0582,DISTRICT_0500
MUNICIPALITY_0583,DISTRICT_0214
MUNICIPALITY_0584,DISTRICT_0083
MUNICIPALITY_0585,DISTRICT_0481
MUNICIPALITY_0586,DISTRICT_0066
MUNICIPALITY_0587,DISTRICT_0171
MUNICIPALITY_0588,DISTRICT_0520
MUNICIPALITY_0589,DISTRICT_0397
MUNICIPALITY_0590,DISTRICT_0521
MUNICIPALITY_0591,DISTRICT_0383
MUNICIPALITY_0592,DISTRICT_0510
MUNICIPALITY_0593,DISTRICT_0531
MUNICIPALITY_0594,DISTRICT_0475
MUNICIPALITY_0595,DISTRICT_0183
MUNICIPALITY_0596,DISTRICT_0329
MUNICIPALITY_0597,DISTRICT_0382
MUNICIPALITY_0598,DISTRICT_0538
MUNICIPALITY_0599,DISTRICT_0494
MUNICIPALITY_0600,DISTRICT_0506
MUNICIPALITY_0601,DISTRICT_0485
MUNICIPALITY_0602,DISTRICT_0274
MUNICIPALITY_0603,DISTRICT_0595
MUNICIPALITY_0604,DISTRICT_0410
MUNICIPALITY_0605,DISTRICT_0597
MUNICIPALITY_0606,DISTRICT_0037
MUNICIPALITY_0607,DISTRICT_0212
MUNICIPALITY_0608,DISTRICT_0224
MUNICIPALITY_0609,DISTRICT_0207
MUNICIPALITY_0610,DISTRICT_0462
MUNICIPALITY_0611,DISTRICT_0240
MUNICIPALITY_0612,DISTRICT_0405
MUNICIPALITY_0613,DISTRICT_0223
MUNICIPALITY_0614,DISTRICT_0313
MUNICIPALITY_0615,DISTRICT_0435
MUNICIPALITY_0616,DISTRICT_0386
MUNICIPALITY_0617,DISTRICT_0585
MUNICIPALITY_0618,DISTRICT_0160
MUNICIPALITY_0619,DISTRICT_0383
MUNICIPALITY_0620,DISTRICT_0260
MUNICIPALITY_0621,DISTRICT_0563
MUNICIPALITY_0622,DISTRICT_0086
MUNICIPALITY_0623,DISTRICT_0137
MUNICIPALITY_0624,DISTRICT_0086
MUNICIPALITY_0625,DISTRICT_0302
MUNICIPALITY_0626,DISTRICT_0455
MUNICIPALITY_0627,DISTRICT_0531
MUNICIPALITY_0628,DISTRICT_0360
MUNICIPALITY_0629,DISTRICT_0235
MUNICIPALITY_0630,DISTRICT_0597
MUNICIPALITY_0631,DISTRICT_0042
MUNICIPALITY_0632,DISTRICT_0476
MUNICIPALITY_0633,DISTRICT_0524
MUNICIPALITY_0634,DISTRICT_0344
MUNICIPALITY_0635,DISTRICT_0436
MUNICIPALITY_0636,DISTRICT_0461
MUNICIPALITY_0637,DISTRICT_0478
MUNICIPALITY_0638,DISTRICT_0442
MUNICIPALITY_0639,DISTRICT_0418
MUNICIPALITY_0640,DISTRICT_0376
MUNICIPALITY_0641,DISTRICT_0509
MUNICIPALITY_0642,DISTRICT_0324
MUNICIPALITY_0643,DISTRICT_0279
MUNICIPALITY_0644,DISTRICT_0391
MUNICIPALITY_0645,DISTRICT_0025
MUNICIPALITY_0646,DISTRICT_0183
MUNICIPALITY_0647,DISTRICT_0452
MUNICIPALITY_0648,DISTRICT_0239
MUNICIPALITY_0649,DISTRICT_0271
MUNICIPALITY_0650,DISTRICT_0077
MUNICIPALITY_0651,DISTRICT_0367
MUNICIPALITY_0652,DISTRICT_0084
MUNICIPALITY_0653,DISTRICT_0301
MUNICIPALITY_0654,DISTRICT_0513
MUNICIPALITY_0655,DISTRICT_0525
MUNICIPALITY_0656,DISTRICT_0559
MUNICIPALITY_0657,DISTRICT_0080
MUNICIPALITY_0658,DISTRICT_0283
MUNICIPALITY_0659,DISTRICT_0233
MUNICIPALITY_0660,DISTRICT_0100
MUNICIPALITY_0661,DISTRICT_0121
MUNICIPALITY_0662,DISTRICT_0073
MUNICIPALITY_0663,DISTRICT_0368
MUNICIPALITY_0664,DISTRICT_0039
MUNICIPALITY_0665,DISTRICT_0559
MUNICIPALITY_0666,DISTRICT_0205
MUNICIPALITY_0667,DISTRICT_0341
MUNICIPALITY_0668,DISTRICT_0201
MUNICIPALITY_0669,DISTRICT_0337
MUNICIPALITY_0670,DISTRICT_0256
MUNICIPALITY_0671,DISTRICT_0309
MUNICIPALITY_0672,DISTRICT_0281
MUNICIPALITY_0673,DISTRICT_0195
MUNICIPALITY_0674,DISTRICT_0141
MUNICIPALITY_0675,DISTRICT_0556
MUNICIPALITY_0676,DISTRICT_0267
MUNICIPALITY_0677,DISTRICT_0008
MUNICIPALITY_0678,DISTRICT_0306
MUNICIPALITY_0679,DISTRICT_0288
MUNICIPALITY_0680,DISTRICT_0354
MUNICIPALITY_0681,DISTRICT_0413
MUNICIPALITY_0682,DISTRICT_0415
MUNICIPALITY_0683,DISTRICT_0593
MUNICIPALITY_0684,DISTRICT_0012
MUNICIPALITY_0685,DISTRICT_0483
MUNICIPALITY_0686,DISTRICT_0524
MUNICIPALITY_0687,DISTRICT_0152
MUNICIPALITY_0688,DISTRICT_0407
MUNICIPALITY_0689,DISTRICT_0233
MUNICIPALITY_0690,DISTRICT_0232
MUNICIPALITY_0691,DISTRICT_0214
MUNICIPALITY_0692,DISTRICT_0485
MUNICIPALITY_0693,DISTRICT_0239
MUNICIPALITY_0694,DISTRICT_0528
MUNICIPALITY_0695,DISTRICT_0565
MUNICIPALITY_0696,DISTRICT_0479
MUNICIPALITY_0697,DISTRICT_0472
MUNICIPALITY_0698,DISTRICT_0348
MUNICIPALITY_0699,DISTRICT_0087
MUNICIPALITY_0700,DISTRICT_0320
MUNICIPALITY_0701,DISTRICT_0192
MUNICIPALITY_0702,DISTRICT_0439
MUNICIPALITY_0703,DISTRICT_0427
MUNICIPALITY_0704,DISTRICT_0214
MUNICIPALITY_0705,DISTRICT_0449
MUNICIPALITY_0706,DISTRICT_0460
MUNICIPALITY_0707,DISTRICT_0571
MUNICIPALITY_0708,DISTRICT_0030
MUNICIPALITY_0709,DISTRICT_0383
MUNICIPALITY_0710,DISTRICT_0142
MUNICIPALITY_0711,DISTRICT_0591
MUNICIPALITY_0712,DISTRICT_0131
MUNICIPALITY_0713,DISTRICT_0312
MUNICIPALITY_0714,DISTRICT_0009
MUNICIPALITY_0715,DISTRICT_0511
MUNICIPALITY_0716,DISTRICT_0363
MUNICIPALITY_0717,DISTRICT_0347
MUNICIPALITY_0718,DISTRICT_0230
MUNICIPALITY_0719,DISTRICT_0429
MUNICIPALITY_0720,DISTRICT_0435
MUNICIPALITY_0721,DISTRICT_0413
MUNICIPALITY_0722,DISTRICT_0550
MUNICIPALITY_0723,DISTRICT_0306
MUNICIPALITY_0724,DISTRICT_0333
MUNICIPALITY_0725,DISTRICT_0023
MUNICIPALITY_0726,DISTRICT_0581
MUNICIPALITY_0727,DISTRICT_0032
MUNICIPALITY_0728,DISTRICT_0142
MUNICIPALITY_0729,DISTRICT_0157
MUNICIPALITY_0730,DISTRICT_0338
MUNICIPALITY_0731,DISTRICT_0581
MUNICIPALITY_0732,DISTRICT_0587
MUNICIPALITY_0733,DISTRICT_0400
MUNICIPALITY_0734,DISTRICT_0390
MUNICIPALITY_0735,DISTRICT_0209
MUNICIPALITY_0736,DISTRICT_0400
MUNICIPALITY_0737,DISTRICT_0065
MUNICIPALITY_0738,DISTRICT_0547
MUNICIPALITY_0739,DISTRICT_0395
MUNICIPALITY_0740,DISTRICT_0192
MUNICIPALITY_0741,DISTRICT_0486
MUNICIPALITY_0742,DISTRICT_0111
MUNICIPALITY_0743,DISTRICT_0336
MUNICIPALITY_0744,DISTRICT_0583
MUNICIPALITY_0745,DISTRICT_0462
MUNICIPALITY_0746,DISTRICT_0311
MUNICIPALITY_0747,DISTRICT_0095
MUNICIPALITY_0748,DISTRICT_0175
MUNICIPALITY_0749,DISTRICT_0106
MUNICIPALITY_0750,DISTRICT_0566
MUNICIPALITY_0751,DISTRICT_0181
MUNICIPALITY_0752,DISTRICT_0032
MUNICIPALITY_0753,DISTRICT_0500
MUNICIPALITY_0754,DISTRICT_0027
MUNICIPALITY_0755,DISTRICT_0191
MUNICIPALITY_0756,DISTRICT_0203
MUNICIPALITY_0757,DISTRICT_0071
MUNICIPALITY_0758,DISTRICT_0395
MUNICIPALITY_0759,DISTRICT_0290
MUNICIPALITY_0760,DISTRICT_0210
MUNICIPALITY_0761,DISTRICT_0238
MUNICIPALITY_0762,DISTRICT_0298
MUNICIPALITY_0763,DISTRICT_0536
MUNICIPALITY_0764,DISTRICT_0071
MUNICIPALITY_0765,DISTRICT_0465
MUNICIPALITY_0766,DISTRICT_0058
MUNICIPALITY_0767,DISTRICT_0377
MUNICIPALITY_0768,DISTRICT_0530
MUNICIPALITY_0769,DISTRICT_0011
MUNICIPALITY_0770,DISTRICT_0175
MUNICIPALITY_0771,DISTRICT_0334
MUNICIPALITY_0772,DISTRICT_0420
MUNICIPALITY_0773,DISTRICT_0400
MUNICIPALITY_0774,DISTRICT_0160
MUNICIPALITY_0775,DISTRICT_0113
MUNICIPALITY_0776,DISTRICT_0132
MUNICIPALITY_0777,DISTRICT_0549
MUNICIPALITY_0778,DISTRICT_0428
MUNICIPALITY_0779,DISTRICT_0489
MUNICIPALITY_0780,DISTRICT_0070
MUNICIPALITY_0781,DISTRICT_0398
MUNICIPALITY_0782,DISTRICT_0211
MUNICIPALITY_0783,DISTRICT_0133
MUNICIPALITY_0784,DISTRICT_0210
MUNICIPALITY_0785,DISTRICT_0317
MUNICIPALITY_0786,DISTRICT_0442
MUNICIPALITY_0787,DISTRICT_0486
MUNICIPALITY_0788,DISTRICT_0162
MUNICIPALITY_0789,DISTRICT_0588
MUNICIPALITY_0790,DISTRICT_0317
MUNICIPALITY_0791,DISTRICT_0207
MUNICIPALITY_0792,DISTRICT_0514
MUNICIPALITY_0793,DISTRICT_0469
MUNICIPALITY_0794,DISTRICT_0282
MUNICIPALITY_0795,DISTRICT_0206
MUNICIPALITY_0796,DISTRICT_0007
MUNICIPALITY_0797,DISTRICT_0146
MUNICIPALITY_0798,DISTRICT_0456
MUNICIPALITY_0799,DISTRICT_0065
MUNICIPALITY_0800,DISTRICT_0408
MUNICIPALITY_0801,DISTRICT_0252
MUNICIPALITY_0802,DISTRICT_0538
MUNICIPALITY_0803,DISTRICT_0336
MUNICIPALITY_0804,DISTRICT_0582
MUNICIPALITY_0805,DISTRICT_0502
MUNICIPALITY_0806,DISTRICT_0471
MUNICIPALITY_0807,DISTRICT_0473
MUNICIPALITY_0808,DISTRICT_0589
MUNICIPALITY_0809,DISTRICT_0040
MUNICIPALITY_0810,DISTRICT_0093
MUNICIPALITY_0811,DISTRICT_0294
MUNICIPALITY_0812,DISTRICT_0467
MUNICIPALITY_0813,DISTRICT_0355
MUNICIPALITY_0814,DISTRICT_0304
MUNICIPALITY_0815,DISTRICT_0400
MUNICIPALITY_0816,DISTRICT_0179
MUNICIPALITY_0817,DISTRICT_0425
MUNICIPALITY_0818,DISTRICT_0255
MUNICIPALITY_0819,DISTRICT_0183
MUNICIPALITY_0820,DISTRICT_0442
MUNICIPALITY_0821,DISTRICT_0468
MUNICIPALITY_0822,DISTRICT_0393
MUNICIPALITY_0823,DISTRICT_0187
MUNICIPALITY_0824,DISTRICT_0582
MUNICIPALITY_0825,DISTRICT_0097
MUNICIPALITY_0826,DISTRICT_0402
MUNICIPALITY_0827,DISTRICT_0044
MUNICIPALITY_0828,DISTRICT_0245
MUNICIPALITY_0829,DISTRICT_0161
MUNICIPALITY_0830,DISTRICT_0280
MUNICIPALITY_0831,DISTRICT_0550
MUNICIPALITY_0832,DISTRICT_0298
MUNICIPALITY_0833,DISTRICT_0068
MUNICIPALITY_0834,DISTRICT_0222
MUNICIPALITY_0835,DISTRICT_0505
MUNICIPALITY_0836,DISTRICT_0421
MUNICIPALITY_0837,DISTRICT_0566
MUNICIPALITY_0838,DISTRICT_0124
MUNICIPALITY_0839,DISTRICT_0377
MUNICIPALITY_0840,DISTRICT_0078
MUNICIPALITY_0841,DISTRICT_0107
MUNICIPALITY_0842,DISTRICT_0516
MUNICIPALITY_0843,DISTRICT_0333
MUNICIPALITY_0844,DISTRICT_0419
MUNICIPALITY_0845,DISTRICT_0461
MUNICIPALITY_0846,DISTRICT_0168
MUNICIPALITY_0847,DISTRICT_0258
MUNICIPALITY_0848,DISTRICT_0212
MUNICIPALITY_0849,DISTRICT_0518
MUNICIPALITY_0850,DISTRICT_0045
MUNICIPALITY_0851,DISTRICT_0473
MUNICIPALITY_0852,DISTRICT_0027
MUNICIPALITY_0853,DISTRICT_0074
MUNICIPALITY_0854,DISTRICT_0472
MUNICIPALITY_0855,DISTRICT_0390
MUNICIPALITY_0856,DISTRICT_0351
MUNICIPALITY_0857,DISTRICT_0408
MUNICIPALITY_0858,DISTRICT_0199
MUNICIPALITY_0859,DISTRICT_0406
MUNICIPALITY_0860,DISTRICT_0038
MUNICIPALITY_0861,DISTRICT_0010
MUNICIPALITY_0862,DISTRICT_0256
MUNICIPALITY_0863,DISTRICT_0117
MUNICIPALITY_0864,DISTRICT_0139
MUNICIPALITY_0865,DISTRICT_0334
MUNICIPALITY_0866,DISTRICT_0475
MUNICIPALITY_0867,DISTRICT_0496
MUNICIPALITY_0868,DISTRICT_0472
MUNICIPALITY_0869,DISTRICT_0069
MUNICIPALITY_0870,DISTRICT_0084
MUNICIPALITY_0871,DISTRICT_0561
MUNICIPALITY_0872,DISTRICT_0248
MUNICIPALITY_0873,DISTRICT_0448
MUNICIPALITY_0874,DISTRICT_0143
MUNICIPALITY_0875,DISTRICT_0482
MUNICIPALITY_0876,DISTRICT_0285
MUNICIPALITY_0877,DISTRICT_0165
MUNICIPALITY_0878,DISTRICT_0174
MUNICIPALITY_0879,DISTRICT_0018
MUNICIPALITY_0880,DISTRICT_0102
MUNICIPALITY_0881,DISTRICT_0181
MUNICIPALITY_0882,DISTRICT_0301
MUNICIPALITY_0883,DISTRICT_0127
MUNICIPALITY_0884,DISTRICT_0547
MUNICIPALITY_0885,DISTRICT_0400
MUNICIPALITY_0886,DISTRICT_0172
MUNICIPALITY_0887,DISTRICT_0079
MUNICIPALITY_0888,DISTRICT_0011
MUNICIPALITY_0889,DISTRICT_0279
MUNICIPALITY_0890,DISTRICT_0157
MUNICIPALITY_0891,DISTRICT_0451
MUNICIPALITY_0892,DISTRICT_0366
MUNICIPALITY_0893,DISTRICT_0182
MUNICIPALITY_0894,DISTRICT_0221
MUNICIPALITY_0895,DISTRICT_0035
MUNICIPALITY_0896,DISTRICT_0545
MUNICIPALITY_0897,DISTRICT_0221
MUNICIPALITY_0898,DISTRICT_0452
MUNICIPALITY_0899,DISTRICT_0048
MUNICIPALITY_0900,DISTRICT_0535
MUNICIPALITY_0901,DISTRICT_0105
MUNICIPALITY_0902,DISTRICT_0399
MUNICIPALITY_0903,DISTRICT_0315
MUNICIPALITY_0904,DISTRICT_0454
MUNICIPALITY_0905,DISTRICT_0053
MUNICIPALITY_0906,DISTRICT_0004
MUNICIPALITY_0907,DISTRICT_0049
MUNICIPALITY_0908,DISTRICT_0386
MUNICIPALITY_0909,DISTRICT_0206
MUNICIPALITY_0910,DISTRICT_0255
MUNICIPALITY_0911,DISTRICT_0383
MUNICIPALITY_0912,DISTRICT_0244
MUNICIPALITY_0913,DISTRICT_0204
MUNICIPALITY_0914,DISTRICT_0093
MUNICIPALITY_0915,DISTRICT_0016
MUNICIPALITY_0916,DISTRICT_0431
MUNICIPALITY_0917,DISTRICT_0028
MUNICIPALITY_0918,DISTRICT_0014
MUNICIPALITY_0919,DISTRICT_0345
MUNICIPALITY_0920,DISTRICT_0196
MUNICIPALITY_0921,DISTRICT_0064
MUNICIPALITY_0922,DISTRICT_0225
MUNICIPALITY_0923,DISTRICT_0098
MUNICIPALITY_0924,DISTRICT_0171
MUNICIPALITY_0925,DISTRICT_0171
MUNICIPALITY_0926,DISTRICT_0045
MUNICIPALITY_0927,DISTRICT_0425
MUNICIPALITY_0928,DISTRICT_0524
MUNICIPALITY_0929,DISTRICT_0110
MUNICIPALITY_0930,DISTRICT_0334
MUNICIPALITY_0931,DISTRICT_0330
MUNICIPALITY_0932,DISTRICT_0575
MUNICIPALITY_0933,DISTRICT_0194
MUNICIPALITY_0934,DISTRICT_0212
MUNICIPALITY_0935,DISTRICT_0554
MUNICIPALITY_0936,DISTRICT_0404
MUNICIPALITY_0937,DISTRICT_0438
MUNICIPALITY_0938,DISTRICT_0123
MUNICIPALITY_0939,DISTRICT_0237
MUNICIPALITY_0940,DISTRICT_0218
MUNICIPALITY_0941,DISTRICT_0108
MUNICIPALITY_0942,DISTRICT_0365
MUNICIPALITY_0943,DISTRICT_0331
MUNICIPALITY_0944,DISTRICT_0177
MUNICIPALITY_0945,DISTRICT_0015
MUNICIPALITY_0946,DISTRICT_0411
MUNICIPALITY_0947,DISTRICT_0323
MUNICIPALITY_0948,DISTRICT_0012
MUNICIPALITY_0949,DISTRICT_0398
MUNICIPALITY_0950,DISTRICT_0217
MUNICIPALITY_0951,DISTRICT_0469
MUNICIPALITY_0952,DISTRICT_0225
MUNICIPALITY_0953,DISTRICT_0067
MUNICIPALITY_0954,DISTRICT_0285
MUNICIPALITY_0955,DISTRICT_0377
MUNICIPALITY_0956,DISTRICT_0044
MUNICIPALITY_0957,DISTRICT_0068
MUNICIPALITY_0958,DISTRICT_0223
MUNICIPALITY_0959,DISTRICT_0420
MUNICIPALITY_0960,DISTRICT_0308
MUNICIPALITY_0961,DISTRICT_0511
MUNICIPALITY_0962,DISTRICT_0104
MUNICIPALITY_0963,DISTRICT_0549
MUNICIPALITY_0964,DISTRICT_0582
MUNICIPALITY_0965,DISTRICT_0175
MUNICIPALITY_0966,DISTRICT_0257
MUNICIPALITY_0967,DISTRICT_0097
MUNICIPALITY_0968,DISTRICT_0332
MUNICIPALITY_0969,DISTRICT_0397
MUNICIPALITY_0970,DISTRICT_0136
MUNICIPALITY_0971,DISTRICT_0340
MUNICIPALITY_0972,DISTRICT_0179
MUNICIPALITY_0973,DISTRICT_0325
MUNICIPALITY_0974,DISTRICT_0493
MUNICIPALITY_0975,DISTRICT_0069
MUNICIPALITY_0976,DISTRICT_0343
MUNICIPALITY_0977,DISTRICT_0018
MUNICIPALITY_0978,DISTRICT_0599
MUNICIPALITY_0979,DISTRICT_0459
MUNICIPALITY_0980,DISTRICT_0391
MUNICIPALITY_0981,DISTRICT_0523
MUNICIPALITY_0982,DISTRICT_0238
MUNICIPALITY_0983,DISTRICT_0515
MUNICIPALITY_0984,DISTRICT_0013
MUNICIPALITY_0985,DISTRICT_0238
MUNICIPALITY_0986,DISTRICT_0021
MUNICIPALITY_0987,DISTRICT_0127
MUNICIPALITY_0988,DISTRICT_0316
MUNICIPALITY_0989,DISTRICT_0242
MUNICIPALITY_0990,DISTRICT_0438
MUNICIPALITY_0991,DISTRICT_0249
MUNICIPALITY_0992,DISTRICT_0081
MUNICIPALITY_0993,DISTRICT_0061
MUNICIPALITY_0994,DISTRICT_0140
MUNICIPALITY_0995,DISTRICT_0383
MUNICIPALITY_0996,DISTRICT_0510
MUNICIPALITY_0997,DISTRICT_0303
MUNICIPALITY_0998,DISTRICT_0206
MUNICIPALITY_0999,DISTRICT_0155
MUNICIPALITY_1000,DISTRICT_0384
MUNICIPALITY_1001,DISTRICT_0209
MUNICIPALITY_1002,DISTRICT_0038
MUNICIPALITY_1003,DISTRICT_0243
MUNICIPALITY_1004,DISTRICT_0454
MUNICIPALITY_1005,DISTRICT_0336
MUNICIPALITY_1006,DISTRICT_0137
MUNICIPALITY_1007,DISTRICT_0284
MUNICIPALITY_1008,DISTRICT_0325
MUNICIPALITY_1009,DISTRICT_0040
MUNICIPALITY_1010,DISTRICT_0533
MUNICIPALITY_1011,DISTRICT_0424
MUNICIPALITY_1012,DISTRICT_0295
MUNICIPALITY_1013,DISTRICT_0024
MUNICIPALITY_1014,DISTRICT_0234
MUNICIPALITY_1015,DISTRICT_0339
MUNICIPALITY_1016,DISTRICT_0350
MUNICIPALITY_1017,DISTRICT_0248
MUNICIPALITY_1018,DISTRICT_0210
MUNICIPALITY_1019,DISTRICT_0552
MUNICIPALITY_1020,DISTRICT_0055
MUNICIPALITY_1021,DISTRICT_0254
MUNICIPALITY_1022,DISTRICT_0227
MUNICIPALITY_1023,DISTRICT_0390
MUNICIPALITY_1024,DISTRICT_0533
MUNICIPALITY_1025,DISTRICT_0329
MUNICIPALITY_1026,DISTRICT_0187
MUNICIPALITY_1027,DISTRICT_0452
MUNICIPALITY_1028,DISTRICT_0006
MUNICIPALITY_1029,DISTRICT_0066
MUNICIPALITY_1030,DISTRICT_0503
MUNICIPALITY_1031,DISTRICT_0071
MUNICIPALITY_1032,DISTRICT_0197
MUNICIPALITY_1033,DISTRICT_0053
MUNICIPALITY_1034,DISTRICT_0144
MUNICIPALITY_1035,DISTRICT_0209
MUNICIPALITY_1036,DISTRICT_0128
MUNICIPALITY_1037,DISTRICT_0093
MUNICIPALITY_1038,DISTRICT_0177
MUNICIPALITY_1039,DISTRICT_0562
MUNICIPALITY_1040,DISTRICT_0209
MUNICIPALITY_1041,DISTRICT_0241
MUNICIPALITY_1042,DISTRICT_0519
MUNICIPALITY_1043,DISTRICT_0080
MUNICIPALITY_1044,DISTRICT_0436
MUNICIPALITY_1045,DISTRICT_0478
MUNICIPALITY_1046,DISTRICT_0318
MUNICIPALITY_1047,DISTRICT_0168
MUNICIPALITY_1048,DISTRICT_0202
MUNICIPALITY_1049,DISTRICT_0250
MUNICIPALITY_1050,DISTRICT_0434
MUNICIPALITY_1051,DISTRICT_0180
MUNICIPALITY_1052,DISTRICT_0254
MUNICIPALITY_1053,DISTRICT_0310
MUNICIPALITY_1054,DISTRICT_0292
MUNICIPALITY_1055,DISTRICT_0590
MUNICIPALITY_1056,DISTRICT_0459
MUNICIPALITY_1057,DISTRICT_0206
MUNICIPALITY_1058,DISTRICT_0278
MUNICIPALITY_1059,DISTRICT_0492
MUNICIPALITY_1060,DISTRICT_0081
MUNICIPALITY_1061,DISTRICT_0368
MUNICIPALITY_1062,DISTRICT_0407
MUNICIPALITY_1063,DISTRICT_0386
MUNICIPALITY_1064,DISTRICT_0171
MUNICIPALITY_1065,DISTRICT_0482
MUNICIPALITY_1066,DISTRICT_0451
MUNICIPALITY_1067,DISTRICT_0432
MUNICIPALITY_1068,DISTRICT_0517
MUNICIPALITY_1069,DISTRICT_0443
MUNICIPALITY_1070,DISTRICT_0159
MUNICIPALITY_1071,DISTRICT_0493
MUNICIPALITY_1072,DISTRICT_0020
MUNICIPALITY_1073,DISTRICT_0390
MUNICIPALITY_1074,DISTRICT_0437
MUNICIPALITY_1075,DISTRICT_0085
MUNICIPALITY_1076,DISTRICT_0307
MUNICIPALITY_1077,DISTRICT_0550
MUNICIPALITY_1078,DISTRICT_0156
MUNICIPALITY_1079,DISTRICT_0566
MUNICIPALITY_1080,DISTRICT_0179
MUNICIPALITY_1081,DISTRICT_0263
MUNICIPALITY_1082,DISTRICT_0389
MUNICIPALITY_1083,DISTRICT_0474
MUNICIPALITY_1084,DISTRICT_0313
MUNICIPALITY_1085,DISTRICT_0464
MUNICIPALITY_1086,DISTRICT_0290
MUNICIPALITY_1087,DISTRICT_0384
MUNICIPALITY_1088,DISTRICT_0575
MUNICIPALITY_1089,DISTRICT_0492
MUNICIPALITY_1090,DISTRICT_0073
MUNICIPALITY_1091,DISTRICT_0341
MUNICIPALITY_1092,DISTRICT_0139
MUNICIPALITY_1093,DISTRICT_0480
MUNICIPALITY_1094,DISTRICT_0200
MUNICIPALITY_1095,DISTRICT_0158
MUNICIPALITY_1096,DISTRICT_0194
MUNICIPALITY_1097,DISTRICT_0004
MUNICIPALITY_1098,DISTRICT_0013
MUNICIPALITY_1099,DISTRICT_0512
MUNICIPALITY_1100,DISTRICT_0383
MUNICIPALITY_1101,DISTRICT_0503
MUNICIPALITY_1102,DISTRICT_0414
MUNICIPALITY_1103,DISTRICT_0425
MUNICIPALITY_1104,DISTRICT_0404
MUNICIPALITY_1105,DISTRICT_0382
MUNICIPALITY_1106,DISTRICT_0393
MUNICIPALITY_1107,DISTRICT_0501
MUNICIPALITY_1108,DISTRICT_0315
MUNICIPALITY_1109,DISTRICT_0072
MUNICIPALITY_1110,DISTRICT_0418
MUNICIPALITY_1111,DISTRICT_0039
MUNICIPALITY_1112,DISTRICT_0127
MUNICIPALITY_1113,DISTRICT_0394
MUNICIPALITY_1114,DISTRICT_0579
MUNICIPALITY_1115,DISTRICT_0166
MUNICIPALITY_1116,DISTRICT_0198
MUNICIPALITY_1117,DISTRICT_0446
MUNICIPALITY_1118,DISTRICT_0261
MUNICIPALITY_1119,DISTRICT_0356
MUNICIPALITY_1120,DISTRICT_0521
MUNICIPALITY_1121,DISTRICT_0500
MUNICIPALITY_1122,DISTRICT_0377
MUNICIPALITY_1123,DISTRICT_0059
MUNICIPALITY_1124,DISTRICT_0394
MUNICIPALITY_1125,DISTRICT_0434
MUNICIPALITY_1126,DISTRICT_0252
MUNICIPALITY_1127,DISTRICT_0248
MUNICIPALITY_1128,DISTRICT_0489
MUNICIPALITY_1129,DISTRICT_0035
MUNICIPALITY_1130,DISTRICT_0370
MUNICIPALITY_1131,DISTRICT_0028
MUNICIPALITY_1132,DISTRICT_0151
MUNICIPALITY_1133,DISTRICT_0267
MUNICIPALITY_1134,DISTRICT_0466
MUNICIPALITY_1135,DISTRICT_0150
MUNICIPALITY_1136,DISTRICT_0260
MUNICIPALITY_1137,DISTRICT_0253
MUNICIPALITY_1138,DISTRICT_0592
MUNICIPALITY_1139,DISTRICT_0165
MUNICIPALITY_1140,DISTRICT_0012
MUNICIPALITY_1141,DISTRICT_0119
MUNICIPALITY_1142,DISTRICT_0094
MUNICIPALITY_1143,DISTRICT_0393
MUNICIPALITY_1144,DISTRICT_0407
MUNICIPALITY_1145,DISTRICT_0082
MUNICIPALITY_1146,DISTRICT_0530
MUNICIPALITY_1147,DISTRICT_0193
MUNICIPALITY_1148,DISTRICT_0433
MUNICIPALITY_1149,DISTRICT_0169
MUNICIPALITY_1150,DISTRICT_0437
MUNICIPALITY_1151,DISTRICT_0258
MUNICIPALITY_1152,DISTRICT_0309
MUNICIPALITY_1153,DISTRICT_0512
MUNICIPALITY_1154,DISTRICT_0545
MUNICIPALITY_1155,DISTRICT_0391
MUNICIPALITY_1156,DISTRICT_0315
MUNICIPALITY_1157,DISTRICT_0421
MUNICIPALITY_1158,DISTRICT_0091
MUNICIPALITY_1159,DISTRICT_0111
MUNICIPALITY_1160,DISTRICT_0586
MUNICIPALITY_1161,DISTRICT_0352
MUNICIPALITY_1162,DISTRICT_0146
MUNICIPALITY_1163,DISTRICT_0275
MUNICIPALITY_1164,DISTRICT_0214
MUNICIPALITY_1165,DISTRICT_0407
MUNICIPALITY_1166,DISTRICT_0315
MUNICIPALITY_1167,DISTRICT_0006
MUNICIPALITY_1168,DISTRICT_0172
MUNICIPALITY_1169,DISTRICT_0503
MUNICIPALITY_1170,DISTRICT_0001
MUNICIPALITY_1171,DISTRICT_0099
MUNICIPALITY_1172,DISTRICT_0071
MUNICIPALITY_1173,DISTRICT_0427
MUNICIPALITY_1174,DISTRICT_0537
MUNICIPALITY_1175,DISTRICT_0426
MUNICIPALITY_1176,DISTRICT_0295
MUNICIPALITY_1177,DISTRICT_0441
MUNICIPALITY_1178,DISTRICT_0174
MUNICIPALITY_1179,DISTRICT_0180
MUNICIPALITY_1180,DISTRICT_0383
MUNICIPALITY_1181,DISTRICT_0190
MUNICIPALITY_1182,DISTRICT_0137
MUNICIPALITY_1183,DISTRICT_0202
MUNICIPALITY_1184,DISTRICT_0498
MUNICIPALITY_1185,DISTRICT_0186
MUNICIPALITY_1186,DISTRICT_0514
MUNICIPALITY_1187,DISTRICT_0112
MUNICIPALITY_1188,DISTRICT_0461
MUNICIPALITY_1189,DISTRICT_0580
MUNICIPALITY_1190,DISTRICT_0217
MUNICIPALITY_1191,DISTRICT_0190
MUNICIPALITY_1192,DISTRICT_0205
MUNICIPALITY_1193,DISTRICT_0060
MUNICIPALITY_1194,DISTRICT_0187
MUNICIPALITY_1195,DISTRICT_0196
MUNICIPALITY_1196,DISTRICT_0265
MUNICIPALITY_1197,DISTRICT_0418
MUNICIPALITY_1198,DISTRICT_0451
MUNICIPALITY_1199,DISTRICT_0111
