municipality_id,name,population
MUNICIPALITY_0000,New Territown Municipality,33004
MUNICIPALITY_0001,East Dawn Municipality,2186
MUNICIPALITY_0002,Stevensfurt Municipality,43829
MUNICIPALITY_0003,Hamiltonmouth Municipality,58323
MUNICIPALITY_0004,Theodorebury Municipality,11480
MUNICIPALITY_0005,Brownport Municipality,25232
MUNICIPALITY_0006,North Jeremy Municipality,189013
MUNICIPALITY_0007,New Brianna Municipality,
MUNICIPALITY_0008,Margarettown Municipality,6871
MUNICIPALITY_0009,East Amymouth Municipality,112401
MUNICIPALITY_0010,South Alexandra Municipality,190774
MUNICIPALITY_0011,Port James Municipality,22116
MUNICIPALITY_0012,Alvarezborough Municipality,67010
MUNICIPALITY_0013,Charlesburgh Municipality,96338
MUNICIPALITY_0014,North Joyce Municipality,
MUNICIPALITY_0015,Christophermouth Municipality,12915
MUNICIPALITY_0016,South Elizabethhaven Municipality,85302
MUNICIPALITY_0017,New Franklinland Municipality,
MUNICIPALITY_0018,West Cherylberg Municipality,40911
MUNICIPALITY_0019,Port Kristin Municipality,8368
MUNICIPALITY_0020,New Walter Municipality,
MUNICIPALITY_0021,West Sydney Municipality,12282
MUNICIPALITY_0022,East Selenachester Municipality,15234
MUNICIPALITY_0023,Katieburgh Municipality,32098
MUNICIPALITY_0024,Bartonmouth Municipality,121731
MUNICIPALITY_0025,Lauraside Municipality,56352
MUNICIPALITY_0026,Zunigaton Municipality,34764
MUNICIPALITY_0027,Ashleyfort Municipality,36666
MUNICIPALITY_0028,South Lesliehaven Municipality,23106
MUNICIPALITY_0029,North Mitchellport Municipality,40698
MUNICIPALITY_0030,Nicholashaven Municipality,1363
MUNICIPALITY_0031,North Alicemouth Municipality,15894
MUNICIPALITY_0032,New Samuel Municipality,28723
MUNICIPALITY_0033,East Michelle Municipality,6209
MUNICIPALITY_0034,Philliphaven Municipality,
MUNICIPALITY_0035,East Greggbury Municipality,17589
MUNICIPALITY_0036,East Sharonborough Municipality,151906
MUNICIPALITY_0037,West Adrianside Municipality,124283
MUNICIPALITY_0038,North Stephanie Municipality,13195
MUNICIPALITY_0039,Lake Davidstad Municipality,18658
MUNICIPALITY_0040,Lake Carriebury Municipality,20305
MUNICIPALITY_0041,South Virginia Municipality,13402
MUNICIPALITY_0042,Ricemouth Municipality,27296
MUNICIPALITY_0043,Mcleanville Municipality,9565
MUNICIPALITY_0044,West Lauren Municipality,6350
MUNICIPALITY_0045,Daughertyside Municipality,43694
MUNICIPALITY_0046,North Davidbury Municipality,44023
MUNICIPALITY_0047,Williamsmouth Municipality,9092
MUNICIPALITY_0048,East Chad Municipality,58976
MUNICIPALITY_0049,West Jason Municipality,
MUNICIPALITY_0050,Mariatown Municipality,29099
MUNICIPALITY_0051,New Jonathan Municipality,54305
MUNICIPALITY_0052,Jasonshire Municipality,21226
MUNICIPALITY_0053,West Melissa Municipality,36323
MUNICIPALITY_0054,Martinmouth Municipality,12480
MUNICIPALITY_0055,Carrollbury Municipality,17745
MUNICIPALITY_0056,Christopherstad Municipality,
MUNICIPALITY_0057,West Markfurt Municipality,9689
MUNICIPALITY_0058,Jonesborough Municipality,18134
MUNICIPALITY_0059,North Roberthaven Municipality,4009
MUNICIPALITY_0060,New Aprilborough Municipality,12832
MUNICIPALITY_0061,Jenniferburgh Municipality,16101
MUNICIPALITY_0062,Hillberg Municipality,16617
MUNICIPALITY_0063,Kimstad Municipality,16887
MUNICIPALITY_0064,Tanyamouth Municipality,20579
MUNICIPALITY_0065,New Kathrynmouth Municipality,37323
MUNICIPALITY_0066,Jonesport Municipality,57639
MUNICIPALITY_0067,North Kathrynchester Municipality,10777
MUNICIPALITY_0068,Melissaland Municipality,5863
MUNICIPALITY_0069,Hughesbury Municipality,7000
MUNICIPALITY_0070,New Blakeshire Municipality,12888
MUNICIPALITY_0071,Martinezmouth Municipality,14956
MUNICIPALITY_0072,Carriefurt Municipality,9442
MUNICIPALITY_0073,Barbaraborough Municipality,5293
MUNICIPALITY_0074,Moraleston Municipality,13336
MUNICIPALITY_0075,Lake Sabrina Municipality,26891
MUNICIPALITY_0076,East Sheilamouth Municipality,42384
MUNICIPALITY_0077,Chavezfurt Municipality,11930
MUNICIPALITY_0078,Port Tracy Municipality,13984
MUNICIPALITY_0079,South Helentown Municipality,7947
MUNICIPALITY_0080,Timside Municipality,
MUNICIPALITY_0081,East Jason Municipality,8662
MUNICIPALITY_0082,Jamesshire Municipality,41375
MUNICIPALITY_0083,New Victoriaport Municipality,3088
MUNICIPALITY_0084,Weeksville Municipality,14829
MUNICIPALITY_0085,South Mauriceshire Municipality,30675
MUNICIPALITY_0086,Mayerchester Municipality,26962
MUNICIPALITY_0087,East Brandon Municipality,426060
MUNICIPALITY_0088,East Nicholas Municipality,32363
MUNICIPALITY_0089,Gomezshire Municipality,7299
MUNICIPALITY_0090,Moodyberg Municipality,19830
MUNICIPALITY_0091,Donnafurt Municipality,3121
MUNICIPALITY_0092,South Matthew Municipality,20157
MUNICIPALITY_0093,New Dustin Municipality,8809
MUNICIPALITY_0094,Johnville Municipality,60290
MUNICIPALITY_0095,North Abigailmouth Municipality,12034
MUNICIPALITY_0096,Lisaville Municipality,19371
MUNICIPALITY_0097,Hughesland Municipality,10947
MUNICIPALITY_0098,Freemanhaven Municipality,149154
MUNICIPALITY_0099,Port Christine Municipality,15469
MUNICIPALITY_0100,Port Jennifer Municipality,165348
MUNICIPALITY_0101,Alisonshire Municipality,53936
MUNICIPALITY_0102,West Thomashaven Municipality,37431
MUNICIPALITY_0103,Thompsonstad Municipality,33044
MUNICIPALITY_0104,South Robert Municipality,33968
MUNICIPALITY_0105,North Bailey Municipality,2642
MUNICIPALITY_0106,Port Edward Municipality,16207
MUNICIPALITY_0107,Wattsport Municipality,55808
MUNICIPALITY_0108,East Samanthabury Municipality,20873
MUNICIPALITY_0109,Kathrynstad Municipality,4695
MUNICIPALITY_0110,Maryview Municipality,20792
MUNICIPALITY_0111,Charlesfort Municipality,143561
MUNICIPALITY_0112,West Nicholasside Municipality,86819
MUNICIPALITY_0113,New Samanthaville Municipality,20574
MUNICIPALITY_0114,Tammytown Municipality,62729
MUNICIPALITY_0115,Lake Adrianmouth Municipality,14718
MUNICIPALITY_0116,Port Zachary Municipality,3380
MUNICIPALITY_0117,Laurieville Municipality,7967
MUNICIPALITY_0118,Robertsfort Municipality,122906
MUNICIPALITY_0119,Lake Adrianborough Municipality,16294
MUNICIPALITY_0120,South Darren Municipality,16852
MUNICIPALITY_0121,Jonathanmouth Municipality,15838
MUNICIPALITY_0122,Ballbury Municipality,178894
MUNICIPALITY_0123,Lake Joshuaborough Municipality,131735
MUNICIPALITY_0124,Lake Jadeborough Municipality,252876
MUNICIPALITY_0125,South Faith Municipality,18491
MUNICIPALITY_0126,East Mary Municipality,30491
MUNICIPALITY_0127,West Pamela Municipality,4153
MUNICIPALITY_0128,Port Samantha Municipality,111818
MUNICIPALITY_0129,Jamesshire Municipality,6096
MUNICIPALITY_0130,Brianfurt Municipality,27957
MUNICIPALITY_0131,East Craig Municipality,
MUNICIPALITY_0132,Aliciafort Municipality,11524
MUNICIPALITY_0133,Lisahaven Municipality,
MUNICIPALITY_0134,Aprilborough Municipality,11286
MUNICIPALITY_0135,South Jennifer Municipality,12172
MUNICIPALITY_0136,Albertshire Municipality,12051
MUNICIPALITY_0137,Murrayport Municipality,55086
MUNICIPALITY_0138,South Katrinafort Municipality,6533
MUNICIPALITY_0139,Lake Melissaland Municipality,
MUNICIPALITY_0140,Tylerhaven Municipality,84099
MUNICIPALITY_0141,West Destiny Municipality,
MUNICIPALITY_0142,Rossborough Municipality,9999
MUNICIPALITY_0143,West Stephen Municipality,17092
MUNICIPALITY_0144,Jacksonview Municipality,80635
MUNICIPALITY_0145,North Bryanshire Municipality,27269
MUNICIPALITY_0146,Thompsonville Municipality,12279
MUNICIPALITY_0147,Markfurt Municipality,37506
MUNICIPALITY_0148,Donaldstad Municipality,6551
MUNICIPALITY_0149,East Todd Municipality,46606
MUNICIPALITY_0150,Sharonville Municipality,34526
MUNICIPALITY_0151,West Robertchester Municipality,15699
MUNICIPALITY_0152,Port Deanna Municipality,
MUNICIPALITY_0153,South Gregory Municipality,8305
MUNICIPALITY_0154,Martinezland Municipality,39667
MUNICIPALITY_0155,Port Connor Municipality,85125
MUNICIPALITY_0156,Lake Stephanie Municipality,10926
MUNICIPALITY_0157,Lake Jessica Municipality,
MUNICIPALITY_0158,North Samanthafort Municipality,2217
MUNICIPALITY_0159,South Deborahside Municipality,11578
MUNICIPALITY_0160,Cookeside Municipality,21286
MUNICIPALITY_0161,New Darrell Municipality,8097
MUNICIPALITY_0162,Bryantville Municipality,7862
MUNICIPALITY_0163,East Alexisside Municipality,10566
MUNICIPALITY_0164,Brandifurt Municipality,30376
MUNICIPALITY_0165,Stephensville Municipality,17924
MUNICIPALITY_0166,Susanbury Municipality,1877
MUNICIPALITY_0167,North Jeanne Municipality,2137
MUNICIPALITY_0168,Port Joshua Municipality,11298
MUNICIPALITY_0169,Nicoleberg Municipality,36441
MUNICIPALITY_0170,Robertfort Municipality,1072
MUNICIPALITY_0171,Valerietown Municipality,12711
MUNICIPALITY_0172,West Stevenfort Municipality,12346
MUNICIPALITY_0173,Kristinashire Municipality,101434
MUNICIPALITY_0174,Julieborough Municipality,14421
MUNICIPALITY_0175,Port Howard Municipality,33566
MUNICIPALITY_0176,Heidichester Municipality,25729
MUNICIPALITY_0177,Stephanieview Municipality,2114
MUNICIPALITY_0178,Jennyberg Municipality,51278
MUNICIPALITY_0179,South Teresa Municipality,27915
MUNICIPALITY_0180,Port Jeffreyside Municipality,38526
MUNICIPALITY_0181,North Julianchester Municipality,1654255
MUNICIPALITY_0182,Robertsmouth Municipality,2224
MUNICIPALITY_0183,Listad Municipality,146849
MUNICIPALITY_0184,Shannonhaven Municipality,16055
MUNICIPALITY_0185,Robinsonshire Municipality,30214
MUNICIPALITY_0186,Bullockhaven Municipality,20950
MUNICIPALITY_0187,Lake Arthurhaven Municipality,
MUNICIPALITY_0188,Rosalesfort Municipality,11768
MUNICIPALITY_0189,Santanahaven Municipality,31648
MUNICIPALITY_0190,North Isabelside Municipality,
MUNICIPALITY_0191,South Susanfurt Municipality,50293
MUNICIPALITY_0192,East Melissachester Municipality,13935
MUNICIPALITY_0193,Lake Brian Municipality,6354
MUNICIPALITY_0194,Raymondchester Municipality,13426
MUNICIPALITY_0195,Jordanport Municipality,87804
MUNICIPALITY_0196,Calderonborough Municipality,12223
MUNICIPALITY_0197,Derekborough Municipality,32672
MUNICIPALITY_0198,Jasonborough Municipality,9857
MUNICIPALITY_0199,Branditown Municipality,50701
MUNICIPALITY_0200,Katelynside Municipality,46819
MUNICIPALITY_0201,Lake Johnnymouth Municipality,168294
MUNICIPALITY_0202,North Jesuston Municipality,18158
MUNICIPALITY_0203,West Crystal Municipality,45959
MUNICIPALITY_0204,South Kathleen Municipality,24535
MUNICIPALITY_0205,West Hollytown Municipality,91624
MUNICIPALITY_0206,New Andrewmouth Municipality,9989
MUNICIPALITY_0207,Deleonland Municipality,49986
MUNICIPALITY_0208,Lake Meganborough Municipality,17780
MUNICIPALITY_0209,Port Stephen Municipality,20524
MUNICIPALITY_0210,Lake Amy Municipality,24365
MUNICIPALITY_0211,Port Andreaview Municipality,29070
MUNICIPALITY_0212,North Cody Municipality,19382
MUNICIPALITY_0213,Robertburgh Municipality,27894
MUNICIPALITY_0214,Phillipsfurt Municipality,
MUNICIPALITY_0215,Kurtborough Municipality,65120
MUNICIPALITY_0216,East Michael Municipality,57300
MUNICIPALITY_0217,Heidimouth Municipality,13345
MUNICIPALITY_0218,Perrystad Municipality,8281
MUNICIPALITY_0219,Lake Kimberlytown Municipality,62996
MUNICIPALITY_0220,Williamsmouth Municipality,57736
MUNICIPALITY_0221,Campbellfurt Municipality,111294
MUNICIPALITY_0222,Kaylamouth Municipality,11334
MUNICIPALITY_0223,North Joel Municipality,17111
MUNICIPALITY_0224,Stephensfurt Municipality,3628
MUNICIPALITY_0225,Greerport Municipality,
MUNICIPALITY_0226,East Ryan Municipality,65922
MUNICIPALITY_0227,Petermouth Municipality,13185
MUNICIPALITY_0228,Port Katherine Municipality,44557
MUNICIPALITY_0229,Lake Katie Municipality,17862
MUNICIPALITY_0230,Andrewside Municipality,31459
MUNICIPALITY_0231,South Jerome Municipality,
MUNICIPALITY_0232,Morrowshire Municipality,24190
MUNICIPALITY_0233,West Michael Municipality,820
MUNICIPALITY_0234,Onealton Municipality,17933
MUNICIPALITY_0235,Anthonymouth Municipality,3664
MUNICIPALITY_0236,Chenfort Municipality,82999
MUNICIPALITY_0237,East Jefferybury Municipality,51800
MUNICIPALITY_0238,Kingside Municipality,36803
MUNICIPALITY_0239,West Amberborough Municipality,117372
MUNICIPALITY_0240,Stevensonchester Municipality,7755
MUNICIPALITY_0241,Williamsport Municipality,150557
MUNICIPALITY_0242,Michealchester Municipality,61415
MUNICIPALITY_0243,Ryanburgh Municipality,16979
MUNICIPALITY_0244,Morenoport Municipality,76817
MUNICIPALITY_0245,Benjaminborough Municipality,6522
MUNICIPALITY_0246,South Williamville Municipality,8893
MUNICIPALITY_0247,Randallstad Municipality,
MUNICIPALITY_0248,Port Jeffreyport Municipality,12309
MUNICIPALITY_0249,Carlaland Municipality,6889
MUNICIPALITY_0250,East Alexandria Municipality,84574
MUNICIPALITY_0251,Port Nicholasport Municipality,16568
MUNICIPALITY_0252,East Stephanie Municipality,32459
MUNICIPALITY_0253,North Sarahville Municipality,11761
MUNICIPALITY_0254,Port Davidtown Municipality,2973
MUNICIPALITY_0255,Jamesberg Municipality,29645
MUNICIPALITY_0256,South Allison Municipality,
MUNICIPALITY_0257,Saraberg Municipality,20424
MUNICIPALITY_0258,West Heatherview Municipality,4889
MUNICIPALITY_0259,Diamondland Municipality,196026
MUNICIPALITY_0260,Ramosview Municipality,60023
MUNICIPALITY_0261,Lake Katherinefort Municipality,24743
MUNICIPALITY_0262,Kevinburgh Municipality,
MUNICIPALITY_0263,Rileyview Municipality,8682
MUNICIPALITY_0264,Boyermouth Municipality,40047
MUNICIPALITY_0265,Lake Julie Municipality,
MUNICIPALITY_0266,Port Sara Municipality,29449
MUNICIPALITY_0267,Silvashire Municipality,89285
MUNICIPALITY_0268,Benitezfurt Municipality,49303
MUNICIPALITY_0269,Orozcoton Municipality,30260
MUNICIPALITY_0270,Smithport Municipality,3567
MUNICIPALITY_0271,East Christopherside Municipality,7661
MUNICIPALITY_0272,Matthewchester Municipality,19245
MUNICIPALITY_0273,South Leslieville Municipality,24409
MUNICIPALITY_0274,New Carla Municipality,6353
MUNICIPALITY_0275,Christopherchester Municipality,312651
MUNICIPALITY_0276,Christopherhaven Municipality,116778
MUNICIPALITY_0277,West Matthewstad Municipality,42716
MUNICIPALITY_0278,West Johnbury Municipality,23842
MUNICIPALITY_0279,North Jeffreybury Municipality,17440
MUNICIPALITY_0280,North Jeffrey Municipality,7730
MUNICIPALITY_0281,Stevenhaven Municipality,23986
MUNICIPALITY_0282,Sandersland Municipality,29246
MUNICIPALITY_0283,Moorebury Municipality,5619
MUNICIPALITY_0284,Frankberg Municipality,31811
MUNICIPALITY_0285,Andrewport Municipality,
MUNICIPALITY_0286,Davidfort Municipality,2701
MUNICIPALITY_0287,North Kristinmouth Municipality,8549
MUNICIPALITY_0288,Maxwellchester Municipality,13975
MUNICIPALITY_0289,Stephanieport Municipality,175686
MUNICIPALITY_0290,Alexandraburgh Municipality,40627
MUNICIPALITY_0291,Thomasville Municipality,5069
MUNICIPALITY_0292,New Carolyn Municipality,37595
MUNICIPALITY_0293,South Jay Municipality,4015
MUNICIPALITY_0294,West Sandra Municipality,72472
MUNICIPALITY_0295,New Adam Municipality,13118
MUNICIPALITY_0296,East Amy Municipality,19870
MUNICIPALITY_0297,South Justinburgh Municipality,94691
MUNICIPALITY_0298,Port David Municipality,5346
MUNICIPALITY_0299,West Bridgetfurt Municipality,4737
MUNICIPALITY_0300,Davidburgh Municipality,11591
MUNICIPALITY_0301,Port Juliamouth Municipality,69024
MUNICIPALITY_0302,Brownview Municipality,4141
MUNICIPALITY_0303,North Christopherbury Municipality,977
MUNICIPALITY_0304,Khantown Municipality,13409
MUNICIPALITY_0305,Port Jenniferfurt Municipality,40413
MUNICIPALITY_0306,Karenshire Municipality,
MUNICIPALITY_0307,Lake Richard Municipality,13233
MUNICIPALITY_0308,Cherylmouth Municipality,14008
MUNICIPALITY_0309,Simsshire Municipality,78377
MUNICIPALITY_0310,Hartville Municipality,2816
MUNICIPALITY_0311,Katelyntown Municipality,14366
MUNICIPALITY_0312,South Michael Municipality,27159
MUNICIPALITY_0313,Spencerberg Municipality,36103
MUNICIPALITY_0314,Rayfurt Municipality,12571
MUNICIPALITY_0315,Andreaberg Municipality,22876
MUNICIPALITY_0316,Luisland Municipality,1426
MUNICIPALITY_0317,Watsonhaven Municipality,10677
MUNICIPALITY_0318,Cameronstad Municipality,36274
MUNICIPALITY_0319,Davidside Municipality,7476
MUNICIPALITY_0320,Lake Juan Municipality,23502
MUNICIPALITY_0321,Port Brendaberg Municipality,36010
MUNICIPALITY_0322,Connietown Municipality,15111
MUNICIPALITY_0323,West Kaitlyn Municipality,26569
MUNICIPALITY_0324,Lake Sarahburgh Municipality,
MUNICIPALITY_0325,Greenburgh Municipality,17548
MUNICIPALITY_0326,Ortizchester Municipality,43098
MUNICIPALITY_0327,Lake Joseph Municipality,26177
MUNICIPALITY_0328,Monicaborough Municipality,11554
MUNICIPALITY_0329,Crystalland Municipality,28187
MUNICIPALITY_0330,Gregoryville Municipality,48342
MUNICIPALITY_0331,Lake Kayla Municipality,2310
MUNICIPALITY_0332,South Debraport Municipality,78824
MUNICIPALITY_0333,New Kyle Municipality,15216
MUNICIPALITY_0334,Jacobfurt Municipality,35173
MUNICIPALITY_0335,Jonathanchester Municipality,82205
MUNICIPALITY_0336,West Victoria Municipality,4871
MUNICIPALITY_0337,New John Municipality,
MUNICIPALITY_0338,Port Sherry Municipality,16036
MUNICIPALITY_0339,South Lauren Municipality,9300
MUNICIPALITY_0340,Matthewshire Municipality,148513
MUNICIPALITY_0341,Lake Cherylchester Municipality,8583
MUNICIPALITY_0342,Debbiebury Municipality,11954
MUNICIPALITY_0343,Harthaven Municipality,27579
MUNICIPALITY_0344,Terryton Municipality,5870
MUNICIPALITY_0345,North Williamburgh Municipality,14253
MUNICIPALITY_0346,Port Lukechester Municipality,31232
MUNICIPALITY_0347,Cummingsbury Municipality,15273
MUNICIPALITY_0348,Joshuamouth Municipality,19876
MUNICIPALITY_0349,East Jeffreyville Municipality,12304
MUNICIPALITY_0350,Rogerland Municipality,
MUNICIPALITY_0351,Port Jenna Municipality,31374
MUNICIPALITY_0352,Murrayton Municipality,151816
MUNICIPALITY_0353,Smithbury Municipality,22476
MUNICIPALITY_0354,Patriciaberg Municipality,28220
MUNICIPALITY_0355,Petershaven Municipality,47192
MUNICIPALITY_0356,Youngfurt Municipality,5451
MUNICIPALITY_0357,Josephview Municipality,143310
MUNICIPALITY_0358,Pattersonville Municipality,27517
MUNICIPALITY_0359,Jerryside Municipality,
MUNICIPALITY_0360,Maryborough Municipality,9834
MUNICIPALITY_0361,Port Sarahberg Municipality,162733
MUNICIPALITY_0362,Wheelerberg Municipality,51671
MUNICIPALITY_0363,Hendersonberg Municipality,40471
MUNICIPALITY_0364,West Stuarthaven Municipality,28493
MUNICIPALITY_0365,Johnsontown Municipality,16757
MUNICIPALITY_0366,South Kathleen Municipality,82502
MUNICIPALITY_0367,North Tonitown Municipality,25703
MUNICIPALITY_0368,Henryshire Municipality,2530
MUNICIPALITY_0369,Fergusontown Municipality,6445
MUNICIPALITY_0370,Thomasfurt Municipality,17954
MUNICIPALITY_0371,Port Justinfort Municipality,30976
MUNICIPALITY_0372,Silvahaven Municipality,20697
MUNICIPALITY_0373,South Logan Municipality,84193
MUNICIPALITY_0374,Mcdonaldtown Municipality,2575
MUNICIPALITY_0375,North Kennethside Municipality,25795
MUNICIPALITY_0376,North Jeffreyberg Municipality,
MUNICIPALITY_0377,Lake Amanda Municipality,
MUNICIPALITY_0378,New Dariusport Municipality,19852
MUNICIPALITY_0379,Caseberg Municipality,34946
MUNICIPALITY_0380,Spearsmouth Municipality,8516
MUNICIPALITY_0381,Port James Municipality,
MUNICIPALITY_0382,Webbburgh Municipality,69279
MUNICIPALITY_0383,Townsendview Municipality,41852
MUNICIPALITY_0384,Granttown Municipality,19101
MUNICIPALITY_0385,East Jonathanburgh Municipality,41682
MUNICIPALITY_0386,Kevinport Municipality,10121
MUNICIPALITY_0387,Stephenburgh Municipality,56450
MUNICIPALITY_0388,Longtown Municipality,135188
MUNICIPALITY_0389,Riceburgh Municipality,71515
MUNICIPALITY_0390,Norrishaven Municipality,9871
MUNICIPALITY_0391,Port William Municipality,32779
MUNICIPALITY_0392,Lake Donald Municipality,5311
MUNICIPALITY_0393,Port Robert Municipality,41341
MUNICIPALITY_0394,North Aaron Municipality,36158
MUNICIPALITY_0395,Port Nicholas Municipality,2816
MUNICIPALITY_0396,Amandaberg Municipality,6136
MUNICIPALITY_0397,East Mollybury Municipality,16131
MUNICIPALITY_0398,Johnsontown Municipality,15820
MUNICIPALITY_0399,Fernandezshire Municipality,5823
MUNICIPALITY_0400,Kristenfurt Municipality,33788
MUNICIPALITY_0401,South Mitchellfurt Municipality,29045
MUNICIPALITY_0402,South Kayla Municipality,17788
MUNICIPALITY_0403,Lake Kevin Municipality,9591
MUNICIPALITY_0404,North Lauren Municipality,69813
MUNICIPALITY_0405,Kennethville Municipality,
MUNICIPALITY_0406,Pamelahaven Municipality,12940
MUNICIPALITY_0407,West Wesleybury Municipality,11233
MUNICIPALITY_0408,Port Johnberg Municipality,37809
MUNICIPALITY_0409,Lake Marissaton Municipality,14856
MUNICIPALITY_0410,Masonfurt Municipality,18895
MUNICIPALITY_0411,Port Erik Municipality,49692
MUNICIPALITY_0412,Kevinmouth Municipality,2696
MUNICIPALITY_0413,New Garyland Municipality,93913
MUNICIPALITY_0414,Robertfurt Municipality,23859
MUNICIPALITY_0415,Cooperport Municipality,14007
MUNICIPALITY_0416,Derrickfort Municipality,19967
MUNICIPALITY_0417,Danielland Municipality,21134
MUNICIPALITY_0418,Hudsonville Municipality,3280
MUNICIPALITY_0419,Tracyshire Municipality,114054
MUNICIPALITY_0420,Amyburgh Municipality,23050
MUNICIPALITY_0421,Brentfurt Municipality,35857
MUNICIPALITY_0422,Lake Juliaton Municipality,62736
MUNICIPALITY_0423,North Matthewview Municipality,7163
MUNICIPALITY_0424,East Aaron Municipality,37079
MUNICIPALITY_0425,Jasonshire Municipality,16409
MUNICIPALITY_0426,Grahambury Municipality,55907
MUNICIPALITY_0427,Mcconnellmouth Municipality,2121
MUNICIPALITY_0428,West Christine Municipality,19751
MUNICIPALITY_0429,West Pamelafurt Municipality,11349
MUNICIPALITY_0430,Elizabethmouth Municipality,35436
MUNICIPALITY_0431,West Karenfurt Municipality,36939
MUNICIPALITY_0432,Elizabethberg Municipality,10113
MUNICIPALITY_0433,Lake Kelly Municipality,10062
MUNICIPALITY_0434,Jacquelinemouth Municipality,19501
MUNICIPALITY_0435,North Sydneyborough Municipality,8214
MUNICIPALITY_0436,Matthewton Municipality,55613
MUNICIPALITY_0437,North Jacobberg Municipality,14674
MUNICIPALITY_0438,Hillburgh Municipality,899
MUNICIPALITY_0439,Lake Amy Municipality,14584
MUNICIPALITY_0440,East Michaelfort Municipality,7027
MUNICIPALITY_0441,Santosbury Municipality,3661
MUNICIPALITY_0442,Brittanyview Municipality,5646
MUNICIPALITY_0443,Donovanview Municipality,24843
MUNICIPALITY_0444,Smithmouth Municipality,94987
MUNICIPALITY_0445,East Vanessafort Municipality,31085
MUNICIPALITY_0446,Lake Tanya Municipality,11303
MUNICIPALITY_0447,Rebeccafurt Municipality,36369
MUNICIPALITY_0448,Guerraburgh Municipality,13293
MUNICIPALITY_0449,Jasonport Municipality,10259
MUNICIPALITY_0450,Adamborough Municipality,6186
MUNICIPALITY_0451,Kennethville Municipality,
MUNICIPALITY_0452,Debrachester Municipality,14343
MUNICIPALITY_0453,Brentside Municipality,
MUNICIPALITY_0454,New Mary Municipality,19805
MUNICIPALITY_0455,Alexton Municipality,13938
MUNICIPALITY_0456,Jillland Municipality,7782
MUNICIPALITY_0457,Port Caroline Municipality,43004
MUNICIPALITY_0458,Kennethburgh Municipality,5172
MUNICIPALITY_0459,Whiteside Municipality,51721
MUNICIPALITY_0460,Jenniferport Municipality,7314
MUNICIPALITY_0461,New Markside Municipality,
MUNICIPALITY_0462,Tracyborough Municipality,4387
MUNICIPALITY_0463,Joshuaberg Municipality,12688
MUNICIPALITY_0464,West Stephanieshire Municipality,64398
MUNICIPALITY_0465,Glassstad Municipality,38839
MUNICIPALITY_0466,West Ryanburgh Municipality,64619
MUNICIPALITY_0467,New Jerry Municipality,
MUNICIPALITY_0468,Espinozamouth Municipality,6541
MUNICIPALITY_0469,East Heather Municipality,15308
MUNICIPALITY_0470,North Joshuachester Municipality,9337
MUNICIPALITY_0471,Annborough Municipality,95190
MUNICIPALITY_0472,Port Joshua Municipality,5904
MUNICIPALITY_0473,South Christopherview Municipality,58868
MUNICIPALITY_0474,Nelsonstad Municipality,58820
MUNICIPALITY_0475,Port Ryan Municipality,164815
MUNICIPALITY_0476,Contrerasview Municipality,14035
MUNICIPALITY_0477,Martinezville Municipality,48221
MUNICIPALITY_0478,Miaton Municipality,270984
MUNICIPALITY_0479,Jenningshaven Municipality,11165
MUNICIPALITY_0480,East Reginaldview Municipality,
MUNICIPALITY_0481,Danielstad Municipality,2784
MUNICIPALITY_0482,Dustinmouth Municipality,48241
MUNICIPALITY_0483,South Taylor Municipality,2775
MUNICIPALITY_0484,Thomasberg Municipality,14624
MUNICIPALITY_0485,Hayesstad Municipality,35633
MUNICIPALITY_0486,Lake Melissa Municipality,
MUNICIPALITY_0487,New Samantha Municipality,35171
MUNICIPALITY_0488,Lake William Municipality,28127
MUNICIPALITY_0489,East Barbaraborough Municipality,89926
MUNICIPALITY_0490,Johnsonburgh Municipality,7726
MUNICIPALITY_0491,Mitchellstad Municipality,10459
MUNICIPALITY_0492,South Cindy Municipality,9415
MUNICIPALITY_0493,Nicolemouth Municipality,54896
MUNICIPALITY_0494,Zoechester Municipality,59304
MUNICIPALITY_0495,West Antoniotown Municipality,36183
MUNICIPALITY_0496,Robertside Municipality,80970
MUNICIPALITY_0497,Scottberg Municipality,6027
MUNICIPALITY_0498,Stevenchester Municipality,137853
MUNICIPALITY_0499,New Kevinchester Municipality,117660
MUNICIPALITY_0500,Hollowayburgh Municipality,49473
MUNICIPALITY_0501,Burkeshire Municipality,156369
MUNICIPALITY_0502,East Anna Municipality,3560
MUNICIPALITY_0503,Coreystad Municipality,12370
MUNICIPALITY_0504,Myerstown Municipality,9810
MUNICIPALITY_0505,Hayesport Municipality,48709
MUNICIPALITY_0506,New Codyfort Municipality,6938
MUNICIPALITY_0507,Victorbury Municipality,50677
MUNICIPALITY_0508,Lake Stacy Municipality,99467
MUNICIPALITY_0509,Port Lauren Municipality,47321
MUNICIPALITY_0510,Johnmouth Municipality,30095
MUNICIPALITY_0511,Bassberg Municipality,7430
MUNICIPALITY_0512,Ginashire Municipality,8677
MUNICIPALITY_0513,Hartview Municipality,87079
MUNICIPALITY_0514,Hallhaven Municipality,51910
MUNICIPALITY_0515,Perkinsbury Municipality,21101
MUNICIPALITY_0516,Vegaberg Municipality,13909
MUNICIPALITY_0517,Seanfort Municipality,2372
MUNICIPALITY_0518,Kimberlymouth Municipality,6782
MUNICIPALITY_0519,East Brian Municipality,
MUNICIPALITY_0520,Scottport Municipality,5385
MUNICIPALITY_0521,Port Tonyaview Municipality,27130
MUNICIPALITY_0522,Santosmouth Municipality,66715
MUNICIPALITY_0523,Port Annetteland Municipality,5539
MUNICIPALITY_0524,Andradehaven Municipality,
MUNICIPALITY_0525,West Charlesborough Municipality,61802
MUNICIPALITY_0526,Bakerburgh Municipality,22331
MUNICIPALITY_0527,Valenciaside Municipality,516713
MUNICIPALITY_0528,Catherinefort Municipality,3514
MUNICIPALITY_0529,Sheenafurt Municipality,70587
MUNICIPALITY_0530,Jordanchester Municipality,18213
MUNICIPALITY_0531,Lake Eileenport Municipality,51488
MUNICIPALITY_0532,Scottfort Municipality,35790
MUNICIPALITY_0533,West Felicia Municipality,
MUNICIPALITY_0534,New Kimberlyland Municipality,28336
MUNICIPALITY_0535,Johnfurt Municipality,2853
MUNICIPALITY_0536,Susanstad Municipality,42769
MUNICIPALITY_0537,Port Robertbury Municipality,30576
MUNICIPALITY_0538,Bensonport Municipality,44468
MUNICIPALITY_0539,Port Samuelmouth Municipality,
MUNICIPALITY_0540,East Johnport Municipality,33003
MUNICIPALITY_0541,New Angela Municipality,25923
MUNICIPALITY_0542,Pattersonberg Municipality,8356
MUNICIPALITY_0543,Davidstad Municipality,10062
MUNICIPALITY_0544,Hebertland Municipality,
MUNICIPALITY_0545,East Meagan Municipality,106934
MUNICIPALITY_0546,West Sandra Municipality,16950
MUNICIPALITY_0547,New Matthew Municipality,23169
MUNICIPALITY_0548,Lake Stephanieville Municipality,8143
MUNICIPALITY_0549,South Josephport Municipality,80020
MUNICIPALITY_0550,Port Margaretstad Municipality,
MUNICIPALITY_0551,Martinmouth Municipality,186342
MUNICIPALITY_0552,North Shannon Municipality,8382
MUNICIPALITY_0553,Kennethfurt Municipality,14533
MUNICIPALITY_0554,Tuckerborough Municipality,28412
MUNICIPALITY_0555,Port James Municipality,44852
MUNICIPALITY_0556,New Joshuafurt Municipality,17374
MUNICIPALITY_0557,North Benjaminside Municipality,8431
MUNICIPALITY_0558,South Robertborough Municipality,58078
MUNICIPALITY_0559,Johnsonmouth Municipality,48690
MUNICIPALITY_0560,Carlborough Municipality,
MUNICIPALITY_0561,Mitchellside Municipality,97830
MUNICIPALITY_0562,North Taylor Municipality,79795
MUNICIPALITY_0563,Lake George Municipality,25532
MUNICIPALITY_0564,South Brianbury Municipality,24042
MUNICIPALITY_0565,Huffstad Municipality,40516
MUNICIPALITY_0566,West Angel Municipality,8536
MUNICIPALITY_0567,Littlefort Municipality,22766
MUNICIPALITY_0568,Jenniferstad Municipality,2063
MUNICIPALITY_0569,Serranostad Municipality,57762
MUNICIPALITY_0570,North Tina Municipality,3953
MUNICIPALITY_0571,Lauraview Municipality,115123
MUNICIPALITY_0572,Romeroside Municipality,15319
MUNICIPALITY_0573,Port Michelle Municipality,17451
MUNICIPALITY_0574,Port Jessicamouth Municipality,11042
MUNICIPALITY_0575,Brandonfort Municipality,16045
MUNICIPALITY_0576,Hartmanfort Municipality,104860
MUNICIPALITY_0577,East Jamiefort Municipality,1427
MUNICIPALITY_0578,Cherylmouth Municipality,89739
MUNICIPALITY_0579,Port Yesenia Municipality,31946
MUNICIPALITY_0580,Nathanborough Municipality,5838
MUNICIPALITY_0581,Joyceberg Municipality,6749
MUNICIPALITY_0582,Jessicaburgh Municipality,139250
MUNICIPALITY_0583,East Amy Municipality,7784
MUNICIPALITY_0584,Stacyburgh Municipality,6193
MUNICIPALITY_0585,New Chloetown Municipality,76960
MUNICIPALITY_0586,West Brendaside Municipality,31965
MUNICIPALITY_0587,South Nancybury Municipality,7850
MUNICIPALITY_0588,South Gregory Municipality,27953
MUNICIPALITY_0589,North Brianamouth Municipality,7127
MUNICIPALITY_0590,Stacyberg Municipality,73932
MUNICIPALITY_0591,Riveraville Municipality,70792
MUNICIPALITY_0592,South Beverly Municipality,39545
MUNICIPALITY_0593,New Courtneyside Municipality,32788
MUNICIPALITY_0594,North Michaelstad Municipality,152864
MUNICIPALITY_0595,South Christopher Municipality,22018
MUNICIPALITY_0596,Crystalchester Municipality,6002
MUNICIPALITY_0597,West Andrew Municipality,36113
MUNICIPALITY_0598,East Brittany Municipality,218524
MUNICIPALITY_0599,Robertfort Municipality,7213
MUNICIPALITY_0600,Lake Mariofort Municipality,14800
MUNICIPALITY_0601,Brandonmouth Municipality,34824
MUNICIPALITY_0602,Port Kathleenfurt Municipality,20758
MUNICIPALITY_0603,North Christianchester Municipality,7476
MUNICIPALITY_0604,East Geraldburgh Municipality,75662
MUNICIPALITY_0605,Port Jessica Municipality,282672
MUNICIPALITY_0606,Port Timothyton Municipality,27330
MUNICIPALITY_0607,New Codyberg Municipality,8147
MUNICIPALITY_0608,East Anna Municipality,4008
MUNICIPALITY_0609,Rodriguezstad Municipality,29254
MUNICIPALITY_0610,Stephaniemouth Municipality,74181
MUNICIPALITY_0611,Ashleyside Municipality,37148
MUNICIPALITY_0612,Oconnorfort Municipality,21968
MUNICIPALITY_0613,West Katherine Municipality,11519
MUNICIPALITY_0614,Port Suzanneton Municipality,6625
MUNICIPALITY_0615,East Samanthatown Municipality,
MUNICIPALITY_0616,Jenniferburgh Municipality,60183
MUNICIPALITY_0617,Coopermouth Municipality,4022
MUNICIPALITY_0618,West Randy Municipality,
MUNICIPALITY_0619,Jenniferhaven Municipality,41418
MUNICIPALITY_0620,North Chelsea Municipality,102698
MUNICIPALITY_0621,South Matthew Municipality,5032
MUNICIPALITY_0622,Lake Danielhaven Municipality,4902
MUNICIPALITY_0623,East Lisa Municipality,18697
MUNICIPALITY_0624,Kelleymouth Municipality,38294
MUNICIPALITY_0625,Lake Michaelport Municipality,158894
MUNICIPALITY_0626,Davidton Municipality,47891
MUNICIPALITY_0627,East Cynthia Municipality,16865
MUNICIPALITY_0628,Carlstad Municipality,7122
MUNICIPALITY_0629,Holmesmouth Municipality,85220
MUNICIPALITY_0630,Conwayberg Municipality,
MUNICIPALITY_0631,Smithton Municipality,132100
MUNICIPALITY_0632,Port Benjamin Municipality,
MUNICIPALITY_0633,Johnsonside Municipality,126707
MUNICIPALITY_0634,Paulside Municipality,46482
MUNICIPALITY_0635,Benjaminport Municipality,18945
MUNICIPALITY_0636,West Beverly Municipality,12439
MUNICIPALITY_0637,Brockland Municipality,15138
MUNICIPALITY_0638,Brownland Municipality,35282
MUNICIPALITY_0639,Port Marcus Municipality,
MUNICIPALITY_0640,Port Christopher Municipality,11462
MUNICIPALITY_0641,West Bradleyshire Municipality,18357
MUNICIPALITY_0642,Terriside Municipality,24015
MUNICIPALITY_0643,Taylorland Municipality,2118
MUNICIPALITY_0644,Ortizshire Municipality,36460
MUNICIPALITY_0645,Hofurt Municipality,7497
MUNICIPALITY_0646,Palmerhaven Municipality,6193
MUNICIPALITY_0647,North Christina Municipality,3442
MUNICIPALITY_0648,Calvinport Municipality,3061
MUNICIPALITY_0649,Johnsonton Municipality,4959
MUNICIPALITY_0650,Parkerburgh Municipality,10097
MUNICIPALITY_0651,South Sheenamouth Municipality,188826
MUNICIPALITY_0652,East Jameston Municipality,12351
MUNICIPALITY_0653,Lake Brendaport Municipality,26783
MUNICIPALITY_0654,East Staceytown Municipality,34218
MUNICIPALITY_0655,New Brianna Municipality,25442
MUNICIPALITY_0656,Port Amy Municipality,20227
MUNICIPALITY_0657,Robertsmouth Municipality,5914
MUNICIPALITY_0658,Newtonville Municipality,108664
MUNICIPALITY_0659,Chrismouth Municipality,
MUNICIPALITY_0660,Mcculloughburgh Municipality,3460
MUNICIPALITY_0661,Nguyenton Municipality,7140
MUNICIPALITY_0662,Suzannetown Municipality,16190
MUNICIPALITY_0663,Greenview Municipality,7623
MUNICIPALITY_0664,Erikview Municipality,38428
MUNICIPALITY_0665,North Christopherbury Municipality,9886
MUNICIPALITY_0666,East Thomas Municipality,
MUNICIPALITY_0667,Port Brandon Municipality,81601
MUNICIPALITY_0668,South Brandonborough Municipality,27828
MUNICIPALITY_0669,West Victoria Municipality,68164
MUNICIPALITY_0670,Lake Nancy Municipality,74346
MUNICIPALITY_0671,New Jason Municipality,11844
MUNICIPALITY_0672,Port David Municipality,8974
MUNICIPALITY_0673,Melissaburgh Municipality,24003
MUNICIPALITY_0674,East Heatherhaven Municipality,56828
MUNICIPALITY_0675,South Briannaton Municipality,
MUNICIPALITY_0676,Hernandezberg Municipality,
MUNICIPALITY_0677,West Luis Municipality,9107
MUNICIPALITY_0678,Kelseyville Municipality,
MUNICIPALITY_0679,North Ryanmouth Municipality,20267
MUNICIPALITY_0680,Lake William Municipality,192874
MUNICIPALITY_0681,Lake Christopherfort Municipality,4795
MUNICIPALITY_0682,Davidport Municipality,38412
MUNICIPALITY_0683,Cabreraton Municipality,
MUNICIPALITY_0684,New Bridget Municipality,267960
MUNICIPALITY_0685,Longberg Municipality,14117
MUNICIPALITY_0686,Pittshaven Municipality,37819
MUNICIPALITY_0687,Port Josephland Municipality,41222
MUNICIPALITY_0688,Hernandezberg Municipality,27310
MUNICIPALITY_0689,Colemanland Municipality,19757
MUNICIPALITY_0690,South Lindaside Municipality,35581
MUNICIPALITY_0691,Robertsborough Municipality,1359
MUNICIPALITY_0692,Allisonshire Municipality,46642
MUNICIPALITY_0693,Castroberg Municipality,25305
MUNICIPALITY_0694,West Tina Municipality,17245
MUNICIPALITY_0695,Colechester Municipality,209305
MUNICIPALITY_0696,Lake Daniel Municipality,10483
MUNICIPALITY_0697,Port Jaredchester Municipality,14137
MUNICIPALITY_0698,Coltontown Municipality,196950
MUNICIPALITY_0699,Flynnmouth Municipality,8819
MUNICIPALITY_0700,Lake Samuelton Municipality,12026
MUNICIPALITY_0701,East Leslietown Municipality,18737
MUNICIPALITY_0702,South Codyside Municipality,55537
MUNICIPALITY_0703,North Cheryl Municipality,27683
MUNICIPALITY_0704,South Elizabethview Municipality,5314
MUNICIPALITY_0705,New Tricia Municipality,12266
MUNICIPALITY_0706,New Jennifer Municipality,
MUNICIPALITY_0707,Thomasburgh Municipality,20232
MUNICIPALITY_0708,Lake Tammy Municipality,35186
MUNICIPALITY_0709,Ericaport Municipality,34892
MUNICIPALITY_0710,Thomasfurt Municipality,3122
MUNICIPALITY_0711,Port Dianestad Municipality,70992
MUNICIPALITY_0712,Stephanieland Municipality,29080
MUNICIPALITY_0713,East Daniel Municipality,101011
MUNICIPALITY_0714,Penahaven Municipality,35904
MUNICIPALITY_0715,Michaelton Municipality,73972
MUNICIPALITY_0716,North Tammy Municipality,36798
MUNICIPALITY_0717,Nicholasfort Municipality,96843
MUNICIPALITY_0718,Lake Ryanfurt Municipality,39123
MUNICIPALITY_0719,Marioland Municipality,19777
MUNICIPALITY_0720,West Heather Municipality,
MUNICIPALITY_0721,Port Rickyport Municipality,58567
MUNICIPALITY_0722,Ruizport Municipality,41403
MUNICIPALITY_0723,Aliciatown Municipality,
MUNICIPALITY_0724,Williamview Municipality,5339
MUNICIPALITY_0725,Breannabury Municipality,
MUNICIPALITY_0726,South Lauren Municipality,
MUNICIPALITY_0727,North Taylor Municipality,11208
MUNICIPALITY_0728,South Thomasfort Municipality,25721
MUNICIPALITY_0729,East Josephland Municipality,
MUNICIPALITY_0730,West Ashleyburgh Municipality,47332
MUNICIPALITY_0731,Parkerstad Municipality,6278
MUNICIPALITY_0732,New Marvin Municipality,19483
MUNICIPALITY_0733,Port Yolanda Municipality,9086
MUNICIPALITY_0734,Adamshire Municipality,14379
MUNICIPALITY_0735,New James Municipality,13974
MUNICIPALITY_0736,Valenciachester Municipality,
MUNICIPALITY_0737,Jesseborough Municipality,5537
MUNICIPALITY_0738,Morganside Municipality,19140
MUNICIPALITY_0739,Martinport Municipality,11888
MUNICIPALITY_0740,Nicholasbury Municipality,877
MUNICIPALITY_0741,Colinborough Municipality,210716
MUNICIPALITY_0742,Lake William Municipality,72958
MUNICIPALITY_0743,Krystalchester Municipality,14560
MUNICIPALITY_0744,Lake Kyle Municipality,22487
MUNICIPALITY_0745,Washingtonchester Municipality,6070
MUNICIPALITY_0746,Vasquezborough Municipality,142243
MUNICIPALITY_0747,Lucasmouth Municipality,177551
MUNICIPALITY_0748,Sosastad Municipality,26169
MUNICIPALITY_0749,Mitchellhaven Municipality,67906
MUNICIPALITY_0750,Margarettown Municipality,26710
MUNICIPALITY_0751,Pooleport Municipality,5062
MUNICIPALITY_0752,Mccartyfort Municipality,14002
MUNICIPALITY_0753,Brittanytown Municipality,25466
MUNICIPALITY_0754,Lake Eugene Municipality,13359
MUNICIPALITY_0755,Port Tiffany Municipality,
MUNICIPALITY_0756,Lake Toddtown Municipality,19919
MUNICIPALITY_0757,Port Elizabeth Municipality,20151
MUNICIPALITY_0758,New Emily Municipality,
MUNICIPALITY_0759,Port Marymouth Municipality,6859
MUNICIPALITY_0760,Jenniferville Municipality,10009
MUNICIPALITY_0761,North Susan Municipality,5361
MUNICIPALITY_0762,Hoffmanbury Municipality,64575
MUNICIPALITY_0763,Port Susanview Municipality,2172
MUNICIPALITY_0764,Collinsville Municipality,78350
MUNICIPALITY_0765,Port Jim Municipality,101213
MUNICIPALITY_0766,Mooreborough Municipality,15797
MUNICIPALITY_0767,Fowlerhaven Municipality,1257
MUNICIPALITY_0768,New Ronald Municipality,14802
MUNICIPALITY_0769,East Ryanmouth Municipality,20524
MUNICIPALITY_0770,Franklinchester Municipality,7246
MUNICIPALITY_0771,Amandaland Municipality,12497
MUNICIPALITY_0772,Reyesmouth Municipality,118564
MUNICIPALITY_0773,Raymouth Municipality,45771
MUNICIPALITY_0774,Port Margaret Municipality,7966
MUNICIPALITY_0775,East Margaret Municipality,3799
MUNICIPALITY_0776,South Jasonport Municipality,15371
MUNICIPALITY_0777,Wardchester Municipality,17416
MUNICIPALITY_0778,Lake Sara Municipality,
MUNICIPALITY_0779,New Julie Municipality,12223
MUNICIPALITY_0780,North Kristinaton Municipality,38663
MUNICIPALITY_0781,Lake Vincent Municipality,185103
MUNICIPALITY_0782,Angelburgh Municipality,54016
MUNICIPALITY_0783,Lake Nicoleland Municipality,20891
MUNICIPALITY_0784,Bradyburgh Municipality,18007
MUNICIPALITY_0785,Davidhaven Municipality,14878
MUNICIPALITY_0786,Port Staceyport Municipality,80717
MUNICIPALITY_0787,Novakview Municipality,11047
MUNICIPALITY_0788,Foxton Municipality,23149
MUNICIPALITY_0789,Daniellemouth Municipality,23302
MUNICIPALITY_0790,West Heatherchester Municipality,12683
MUNICIPALITY_0791,Port Davidburgh Municipality,
MUNICIPALITY_0792,Port James Municipality,31422
MUNICIPALITY_0793,South Stevenburgh Municipality,20596
MUNICIPALITY_0794,Benjamintown Municipality,38187
MUNICIPALITY_0795,West Daniellemouth Municipality,12247
MUNICIPALITY_0796,West Lisachester Municipality,84364
MUNICIPALITY_0797,West Georgehaven Municipality,8396
MUNICIPALITY_0798,Christophershire Municipality,144819
MUNICIPALITY_0799,Jasonshire Municipality,3221
MUNICIPALITY_0800,New James Municipality,35534
MUNICIPALITY_0801,Lake Jeffery Municipality,37159
MUNICIPALITY_0802,Joannside Municipality,9180
MUNICIPALITY_0803,North Maria Municipality,35130
MUNICIPALITY_0804,Johnview Municipality,89991
MUNICIPALITY_0805,West Jeffreyfurt Municipality,1922
MUNICIPALITY_0806,Haleview Municipality,38292
MUNICIPALITY_0807,Howardland Municipality,1418
MUNICIPALITY_0808,Port Heather Municipality,7614
MUNICIPALITY_0809,Duffyshire Municipality,
MUNICIPALITY_0810,North Kerri Municipality,11614
MUNICIPALITY_0811,New Michaelton Municipality,6055
MUNICIPALITY_0812,South Danielburgh Municipality,17716
MUNICIPALITY_0813,Dustinland Municipality,214206
MUNICIPALITY_0814,North Charlesborough Municipality,2937
MUNICIPALITY_0815,Crystaltown Municipality,
MUNICIPALITY_0816,Crawfordtown Municipality,114367
MUNICIPALITY_0817,Lake Valeriefurt Municipality,169986
MUNICIPALITY_0818,Garciabury Municipality,19657
MUNICIPALITY_0819,Kristiborough Municipality,
MUNICIPALITY_0820,North Stephanie Municipality,220891
MUNICIPALITY_0821,New Renee Municipality,127247
MUNICIPALITY_0822,Port Anthony Municipality,46482
MUNICIPALITY_0823,West Samanthafort Municipality,9012
MUNICIPALITY_0824,Allisonburgh Municipality,20869
MUNICIPALITY_0825,Calderonhaven Municipality,18464
MUNICIPALITY_0826,Scottville Municipality,31695
MUNICIPALITY_0827,Stevetown Municipality,
MUNICIPALITY_0828,East Destiny Municipality,57951
MUNICIPALITY_0829,New Frank Municipality,6733
MUNICIPALITY_0830,Port Alec Municipality,100122
MUNICIPALITY_0831,Aaronfort Municipality,
MUNICIPALITY_0832,Adamhaven Municipality,46899
MUNICIPALITY_0833,New Melissamouth Municipality,110546
MUNICIPALITY_0834,Johnberg Municipality,
MUNICIPALITY_0835,Port Michaelstad Municipality,21175
MUNICIPALITY_0836,Frankside Municipality,12275
MUNICIPALITY_0837,Brittanyfort Municipality,3925
MUNICIPALITY_0838,West Alexander Municipality,32253
MUNICIPALITY_0839,Adambury Municipality,348959
MUNICIPALITY_0840,Contrerasview Municipality,2910
MUNICIPALITY_0841,East Jessica Municipality,21258
MUNICIPALITY_0842,Morgantown Municipality,44560
MUNICIPALITY_0843,Martinside Municipality,25219
MUNICIPALITY_0844,Port Valerieberg Municipality,19449
MUNICIPALITY_0845,Andrewstad Municipality,5275
MUNICIPALITY_0846,New Michellechester Municipality,28454
MUNICIPALITY_0847,North Taylor Municipality,9581
MUNICIPALITY_0848,West Raymond Municipality,1980
MUNICIPALITY_0849,Sarafort Municipality,
MUNICIPALITY_0850,North Raymondshire Municipality,63210
MUNICIPALITY_0851,Charlesville Municipality,23314
MUNICIPALITY_0852,Mccallport Municipality,28338
MUNICIPALITY_0853,Matthewland Municipality,71807
MUNICIPALITY_0854,Lake Jeanne Municipality,28191
MUNICIPALITY_0855,Kingbury Municipality,59540
MUNICIPALITY_0856,New Tamishire Municipality,15879
MUNICIPALITY_0857,Quinnfurt Municipality,93263
MUNICIPALITY_0858,South Theresaberg Municipality,31346
MUNICIPALITY_0859,Codyview Municipality,27267
MUNICIPALITY_0860,Michaelville Municipality,5447
MUNICIPALITY_0861,North Brian Municipality,30201
MUNICIPALITY_0862,Wileystad Municipality,8820
MUNICIPALITY_0863,East Travisbury Municipality,10914
MUNICIPALITY_0864,Millerborough Municipality,8982
MUNICIPALITY_0865,Hooperview Municipality,6816
MUNICIPALITY_0866,New Micheleview Municipality,228033
MUNICIPALITY_0867,Grayview Municipality,95270
MUNICIPALITY_0868,Michaelton Municipality,182116
MUNICIPALITY_0869,New Christianmouth Municipality,5737
MUNICIPALITY_0870,East Lisa Municipality,23822
MUNICIPALITY_0871,Morrisberg Municipality,5308
MUNICIPALITY_0872,Sheliachester Municipality,10246
MUNICIPALITY_0873,East Dianeton Municipality,8022
MUNICIPALITY_0874,Natalieport Municipality,86123
MUNICIPALITY_0875,Kirbymouth Municipality,14244
MUNICIPALITY_0876,Campbellborough Municipality,
MUNICIPALITY_0877,Davisville Municipality,42810
MUNICIPALITY_0878,North Toddshire Municipality,277618
MUNICIPALITY_0879,Port Linda Municipality,4326
MUNICIPALITY_0880,Gravesfurt Municipality,
MUNICIPALITY_0881,Yeseniamouth Municipality,77736
MUNICIPALITY_0882,Tinabury Municipality,7549
MUNICIPALITY_0883,Nelsonside Municipality,66692
MUNICIPALITY_0884,Lake Alan Municipality,31880
MUNICIPALITY_0885,Thomastown Municipality,17150
MUNICIPALITY_0886,Davisview Municipality,
MUNICIPALITY_0887,Thomasstad Municipality,9986
MUNICIPALITY_0888,Tanyafort Municipality,209985
MUNICIPALITY_0889,Riversstad Municipality,22043
MUNICIPALITY_0890,Wandaberg Municipality,52069
MUNICIPALITY_0891,Brandonside Municipality,9228
MUNICIPALITY_0892,North Nathan Municipality,9340
MUNICIPALITY_0893,Colonborough Municipality,72416
MUNICIPALITY_0894,North Tiffanyville Municipality,4991
MUNICIPALITY_0895,East Alexander Municipality,
MUNICIPALITY_0896,East Juliemouth Municipality,22866
MUNICIPALITY_0897,Benjaminside Municipality,24897
MUNICIPALITY_0898,Port Julie Municipality,18087
MUNICIPALITY_0899,Port Jonathan Municipality,
MUNICIPALITY_0900,Lake Amberfort Municipality,47199
MUNICIPALITY_0901,Mccoybury Municipality,49419
MUNICIPALITY_0902,Port Michael Municipality,7447
MUNICIPALITY_0903,New Richard Municipality,16113
MUNICIPALITY_0904,Lake Bethville Municipality,81980
MUNICIPALITY_0905,South Stephanie Municipality,
MUNICIPALITY_0906,Jackville Municipality,4865
MUNICIPALITY_0907,Richardbury Municipality,32423
MUNICIPALITY_0908,South Raymondfurt Municipality,2499
MUNICIPALITY_0909,Kevinville Municipality,23193
MUNICIPALITY_0910,Port Alicia Municipality,177645
MUNICIPALITY_0911,Port Kevin Municipality,7764
MUNICIPALITY_0912,Allenmouth Municipality,8797
MUNICIPALITY_0913,East Jenna Municipality,51043
MUNICIPALITY_0914,Vazquezfurt Municipality,4035
MUNICIPALITY_0915,Millerfort Municipality,
MUNICIPALITY_0916,Steinfurt Municipality,42450
MUNICIPALITY_0917,South Ericbury Municipality,10963
MUNICIPALITY_0918,Paulaside Municipality,
MUNICIPALITY_0919,Marissabury Municipality,49941
MUNICIPALITY_0920,Johnburgh Municipality,35020
MUNICIPALITY_0921,Millerborough Municipality,29539
MUNICIPALITY_0922,Danielmouth Municipality,15168
MUNICIPALITY_0923,Lake Jasminetown Municipality,33092
MUNICIPALITY_0924,Wilsonchester Municipality,19223
MUNICIPALITY_0925,Kylemouth Municipality,36445
MUNICIPALITY_0926,North Christopher Municipality,12751
MUNICIPALITY_0927,Hamiltonview Municipality,18018
MUNICIPALITY_0928,Howellshire Municipality,7413
MUNICIPALITY_0929,Wilsonfurt Municipality,21194
MUNICIPALITY_0930,Port Chadmouth Municipality,9026
MUNICIPALITY_0931,South Ginaview Municipality,6467
MUNICIPALITY_0932,New Tammy Municipality,29276
MUNICIPALITY_0933,Benderburgh Municipality,27834
MUNICIPALITY_0934,Lake Ericton Municipality,52112
MUNICIPALITY_0935,East Brad Municipality,13708
MUNICIPALITY_0936,Jesusville Municipality,34504
MUNICIPALITY_0937,Garciatown Municipality,40371
MUNICIPALITY_0938,Rhondafort Municipality,35927
MUNICIPALITY_0939,Nancystad Municipality,8881
MUNICIPALITY_0940,Jenniferburgh Municipality,25959
MUNICIPALITY_0941,Tanyastad Municipality,32877
MUNICIPALITY_0942,New Parkerview Municipality,22201
MUNICIPALITY_0943,Bakerberg Municipality,2219
MUNICIPALITY_0944,North Gina Municipality,26279
MUNICIPALITY_0945,West Johnbury Municipality,251144
MUNICIPALITY_0946,Port Toddberg Municipality,14823
MUNICIPALITY_0947,Lindsayhaven Municipality,9888
MUNICIPALITY_0948,Lake Tyler Municipality,33212
MUNICIPALITY_0949,Angelborough Municipality,31058
MUNICIPALITY_0950,Annafurt Municipality,81798
MUNICIPALITY_0951,Aaronfort Municipality,5521
MUNICIPALITY_0952,New Sylvia Municipality,49242
MUNICIPALITY_0953,Roblesshire Municipality,42169
MUNICIPALITY_0954,Rebeccaville Municipality,18838
MUNICIPALITY_0955,Sarahland Municipality,31970
MUNICIPALITY_0956,East James Municipality,68350
MUNICIPALITY_0957,Mckinneystad Municipality,57500
MUNICIPALITY_0958,Bankstown Municipality,
MUNICIPALITY_0959,North Katherine Municipality,54294
MUNICIPALITY_0960,Jarvisland Municipality,20513
MUNICIPALITY_0961,East Karenfort Municipality,23864
MUNICIPALITY_0962,North Lindsey Municipality,23873
MUNICIPALITY_0963,Joneston Municipality,18671
MUNICIPALITY_0964,West Colinburgh Municipality,81705
MUNICIPALITY_0965,Lake Ritaberg Municipality,20088
MUNICIPALITY_0966,Wilsonfurt Municipality,
MUNICIPALITY_0967,Wongfort Municipality,
MUNICIPALITY_0968,Hillhaven Municipality,26810
MUNICIPALITY_0969,North Craigside Municipality,85147
MUNICIPALITY_0970,Loristad Municipality,42761
MUNICIPALITY_0971,Thompsonmouth Municipality,8642
MUNICIPALITY_0972,Hunterbury Municipality,338984
MUNICIPALITY_0973,Davidton Municipality,29473
MUNICIPALITY_0974,Randallside Municipality,89583
MUNICIPALITY_0975,Pittsville Municipality,18640
MUNICIPALITY_0976,Grayfort Municipality,39604
MUNICIPALITY_0977,West Josephburgh Municipality,
MUNICIPALITY_0978,North Emmaview Municipality,84121
MUNICIPALITY_0979,South Danielle Municipality,70481
MUNICIPALITY_0980,Port Matthew Municipality,57492
MUNICIPALITY_0981,North Benjamintown Municipality,15574
MUNICIPALITY_0982,Danielhaven Municipality,11743
MUNICIPALITY_0983,Spearsport Municipality,31756
MUNICIPALITY_0984,West Jennifer Municipality,61478
MUNICIPALITY_0985,East Michaelbury Municipality,17240
MUNICIPALITY_0986,West Omarburgh Municipality,71089
MUNICIPALITY_0987,Andersonfort Municipality,
MUNICIPALITY_0988,Meadowsshire Municipality,8038
MUNICIPALITY_0989,East Emma Municipality,8772
MUNICIPALITY_0990,West Jackieshire Municipality,18874
MUNICIPALITY_0991,East Davidburgh Municipality,30895
MUNICIPALITY_0992,South Williamview Municipality,12369
MUNICIPALITY_0993,Lake Laurashire Municipality,97481
MUNICIPALITY_0994,Lanceshire Municipality,35118
MUNICIPALITY_0995,Kevinland Municipality,23003
MUNICIPALITY_0996,Jonesport Municipality,
MUNICIPALITY_0997,North Terrancemouth Municipality,5180
MUNICIPALITY_0998,Nealton Municipality,
MUNICIPALITY_0999,Castilloberg Municipality,2109
MUNICIPALITY_1000,Stevenburgh Municipality,67097
MUNICIPALITY_1001,North Lori Municipality,
MUNICIPALITY_1002,Port Danieltown Municipality,780275
MUNICIPALITY_1003,Randyfurt Municipality,278927
MUNICIPALITY_1004,Port Michelle Municipality,
MUNICIPALITY_1005,New Nancy Municipality,19594
MUNICIPALITY_1006,Anthonyland Municipality,65850
MUNICIPALITY_1007,Dawnborough Municipality,143413
MUNICIPALITY_1008,Georgeside Municipality,3634
MUNICIPALITY_1009,Hughesberg Municipality,3087
MUNICIPALITY_1010,Turnermouth Municipality,11111
MUNICIPALITY_1011,Woodborough Municipality,41815
MUNICIPALITY_1012,East Ashleymouth Municipality,38046
MUNICIPALITY_1013,Jacquelinestad Municipality,71449
MUNICIPALITY_1014,South Elaine Municipality,5886
MUNICIPALITY_1015,South Clarence Municipality,1723
MUNICIPALITY_1016,North Eric Municipality,56602
MUNICIPALITY_1017,Evansfort Municipality,8857
MUNICIPALITY_1018,East Colleenstad Municipality,2391
MUNICIPALITY_1019,Meganmouth Municipality,25837
MUNICIPALITY_1020,Port Jasonborough Municipality,52706
MUNICIPALITY_1021,West Troy Municipality,19259
MUNICIPALITY_1022,Deborahside Municipality,13311
MUNICIPALITY_1023,Justinview Municipality,18484
MUNICIPALITY_1024,West John Municipality,14652
MUNICIPALITY_1025,Johnsonland Municipality,4999
MUNICIPALITY_1026,West Markstad Municipality,10035
MUNICIPALITY_1027,Lake Bradleybury Municipality,39081
MUNICIPALITY_1028,North Derrick Municipality,31377
MUNICIPALITY_1029,Jamesstad Municipality,26499
MUNICIPALITY_1030,New Larry Municipality,7371
MUNICIPALITY_1031,Taylorfurt Municipality,18039
MUNICIPALITY_1032,Thompsonside Municipality,2008
MUNICIPALITY_1033,North Danielle Municipality,26804
MUNICIPALITY_1034,Mcculloughstad Municipality,106058
MUNICIPALITY_1035,Carolynborough Municipality,4352
MUNICIPALITY_1036,Claytontown Municipality,11562
MUNICIPALITY_1037,Aaronhaven Municipality,31634
MUNICIPALITY_1038,Davisburgh Municipality,87389
MUNICIPALITY_1039,East Wendy Municipality,13452
MUNICIPALITY_1040,Hernandeztown Municipality,10285
MUNICIPALITY_1041,Port Amy Municipality,2525
MUNICIPALITY_1042,West Edward Municipality,24680
MUNICIPALITY_1043,Wilsonview Municipality,208206
MUNICIPALITY_1044,Duncanville Municipality,29884
MUNICIPALITY_1045,Wendystad Municipality,21493
MUNICIPALITY_1046,Thomaston Municipality,
MUNICIPALITY_1047,Buckleymouth Municipality,21759
MUNICIPALITY_1048,West Jacobchester Municipality,9006
MUNICIPALITY_1049,West Amanda Municipality,54481
MUNICIPALITY_1050,Thomasside Municipality,28235
MUNICIPALITY_1051,Brownview Municipality,
MUNICIPALITY_1052,Lake Edward Municipality,7533
MUNICIPALITY_1053,Karlabury Municipality,
MUNICIPALITY_1054,North Susanview Municipality,45760
MUNICIPALITY_1055,Greenshire Municipality,11989
MUNICIPALITY_1056,West Sherri Municipality,66304
MUNICIPALITY_1057,East Edwardside Municipality,12742
MUNICIPALITY_1058,West Amanda Municipality,9318
MUNICIPALITY_1059,Hollyton Municipality,9550
MUNICIPALITY_1060,Blackville Municipality,3139
MUNICIPALITY_1061,East Scott Municipality,
MUNICIPALITY_1062,Andrewport Municipality,2938
MUNICIPALITY_1063,South Lorihaven Municipality,5702
MUNICIPALITY_1064,West Brianview Municipality,2245
MUNICIPALITY_1065,New Erin Municipality,20036
MUNICIPALITY_1066,Coryberg Municipality,
MUNICIPALITY_1067,Robertsberg Municipality,15377
MUNICIPALITY_1068,New Vanessatown Municipality,6996
MUNICIPALITY_1069,Lake Charleston Municipality,6066
MUNICIPALITY_1070,Hineshaven Municipality,36710
MUNICIPALITY_1071,Burtonshire Municipality,12020
MUNICIPALITY_1072,South Danielle Municipality,
MUNICIPALITY_1073,Amberfurt Municipality,8318
MUNICIPALITY_1074,South Michaeltown Municipality,26880
MUNICIPALITY_1075,New Shawnport Municipality,92374
MUNICIPALITY_1076,West Richardshire Municipality,41973
MUNICIPALITY_1077,South Andrea Municipality,13993
MUNICIPALITY_1078,Wongton Municipality,29229
MUNICIPALITY_1079,South Lauren Municipality,
MUNICIPALITY_1080,Johnborough Municipality,22218
MUNICIPALITY_1081,Scottland Municipality,15395
MUNICIPALITY_1082,North Melissaberg Municipality,
MUNICIPALITY_1083,New Gregory Municipality,27814
MUNICIPALITY_1084,East John Municipality,7385
MUNICIPALITY_1085,Jasonmouth Municipality,
MUNICIPALITY_1086,New Allenfurt Municipality,4781
MUNICIPALITY_1087,Lake Robertmouth Municipality,3788
MUNICIPALITY_1088,Davidmouth Municipality,5773
MUNICIPALITY_1089,Port Aaronberg Municipality,26249
MUNICIPALITY_1090,Tamaraside Municipality,8249
MUNICIPALITY_1091,Allenview Municipality,38753
MUNICIPALITY_1092,North Maria Municipality,22883
MUNICIPALITY_1093,Yatesburgh Municipality,2526
MUNICIPALITY_1094,Johnsonview Municipality,45273
MUNICIPALITY_1095,East Larrychester Municipality,
MUNICIPALITY_1096,Port William Municipality,7381
MUNICIPALITY_1097,Michaelton Municipality,34968
MUNICIPALITY_1098,New Jared Municipality,8585
MUNICIPALITY_1099,Christensenstad Municipality,
MUNICIPALITY_1100,North Evelynshire Municipality,5481
MUNICIPALITY_1101,Port Philipside Municipality,3064
MUNICIPALITY_1102,Lake Christopherburgh Municipality,14456
MUNICIPALITY_1103,New Jameshaven Municipality,19223
MUNICIPALITY_1104,Lake Margaret Municipality,14222
MUNICIPALITY_1105,Pamelashire Municipality,5988
MUNICIPALITY_1106,North Carla Municipality,14187
MUNICIPALITY_1107,North Jennifer Municipality,29620
MUNICIPALITY_1108,Cainfurt Municipality,20965
MUNICIPALITY_1109,South Brandy Municipality,26923
MUNICIPALITY_1110,Hernandezbury Municipality,10539
MUNICIPALITY_1111,Griffinchester Municipality,79928
MUNICIPALITY_1112,Randallbury Municipality,6040
MUNICIPALITY_1113,Barnesview Municipality,37658
MUNICIPALITY_1114,Fredericktown Municipality,80828
MUNICIPALITY_1115,Angelstad Municipality,37384
MUNICIPALITY_1116,Port Kimberly Municipality,17627
MUNICIPALITY_1117,North Laurenborough Municipality,12318
MUNICIPALITY_1118,West Michaelmouth Municipality,68850
MUNICIPALITY_1119,New Joshuachester Municipality,4604
MUNICIPALITY_1120,South William Municipality,7576
MUNICIPALITY_1121,New Tina Municipality,
MUNICIPALITY_1122,Rodrigueztown Municipality,85941
MUNICIPALITY_1123,West Donaldport Municipality,33447
MUNICIPALITY_1124,Meghanborough Municipality,7594
MUNICIPALITY_1125,Savannahview Municipality,15656
MUNICIPALITY_1126,Lake Dawnmouth Municipality,11206
MUNICIPALITY_1127,Jamesfurt Municipality,10089
MUNICIPALITY_1128,Wheelerstad Municipality,64652
MUNICIPALITY_1129,New Wendyton Municipality,4871
MUNICIPALITY_1130,Lake Rosebury Municipality,129270
MUNICIPALITY_1131,Sharontown Municipality,54778
MUNICIPALITY_1132,Laceyburgh Municipality,73126
MUNICIPALITY_1133,North Caitlinchester Municipality,13236
MUNICIPALITY_1134,Port Alexander Municipality,18677
MUNICIPALITY_1135,Kimborough Municipality,4552
MUNICIPALITY_1136,Spencerbury Municipality,12368
MUNICIPALITY_1137,North Stacychester Municipality,37911
MUNICIPALITY_1138,Millerborough Municipality,91644
MUNICIPALITY_1139,Kimberlyport Municipality,6516
MUNICIPALITY_1140,South Danielville Municipality,14734
MUNICIPALITY_1141,Port Michaelton Municipality,18649
MUNICIPALITY_1142,Benjaminfort Municipality,4743
MUNICIPALITY_1143,Jessicaburgh Municipality,42213
MUNICIPALITY_1144,Lake Tinaton Municipality,9932
MUNICIPALITY_1145,Oconnorchester Municipality,17766
MUNICIPALITY_1146,North Brian Municipality,13397
MUNICIPALITY_1147,Douglashaven Municipality,9243
MUNICIPALITY_1148,Port Timothyfurt Municipality,21856
MUNICIPALITY_1149,Jonville Municipality,17375
MUNICIPALITY_1150,Medinabury Municipality,14631
MUNICIPALITY_1151,Susanside Municipality,9884
MUNICIPALITY_1152,Adamstown Municipality,31303
MUNICIPALITY_1153,North Aprilchester Municipality,135805
MUNICIPALITY_1154,Lake William Municipality,25690
MUNICIPALITY_1155,Woodsfort Municipality,
MUNICIPALITY_1156,Lake Deborah Municipality,4773
MUNICIPALITY_1157,West Lisaland Municipality,26200
MUNICIPALITY_1158,Lake Christopher Municipality,6587
MUNICIPALITY_1159,New John Municipality,4338
MUNICIPALITY_1160,Charlesfurt Municipality,9766
MUNICIPALITY_1161,South Jameston Municipality,81722
MUNICIPALITY_1162,Williamsonside Municipality,62631
MUNICIPALITY_1163,Emilyton Municipality,28776
MUNICIPALITY_1164,South Michelle Municipality,4080
MUNICIPALITY_1165,North Tracyburgh Municipality,17749
MUNICIPALITY_1166,New Jenna Municipality,30695
MUNICIPALITY_1167,Hickmanland Municipality,26717
MUNICIPALITY_1168,Batesstad Municipality,2898
MUNICIPALITY_1169,Lisahaven Municipality,8272
MUNICIPALITY_1170,Port Lindsaymouth Municipality,20527
MUNICIPALITY_1171,Dianaberg Municipality,39732
MUNICIPALITY_1172,Wendychester Municipality,1966
MUNICIPALITY_1173,Lake Jamesmouth Municipality,18428
MUNICIPALITY_1174,Sandovalfurt Municipality,25779
MUNICIPALITY_1175,Paulfort Municipality,56082
MUNICIPALITY_1176,Mayburgh Municipality,47199
MUNICIPALITY_1177,Rodriguezstad Municipality,41807
MUNICIPALITY_1178,West Brianfurt Municipality,9136
MUNICIPALITY_1179,East Sarahland Municipality,
MUNICIPALITY_1180,Lake Martin Municipality,14294
MUNICIPALITY_1181,Patrickton Municipality,66290
MUNICIPALITY_1182,East Rachael Municipality,102007
MUNICIPALITY_1183,Cindyview Municipality,48127
MUNICIPALITY_1184,New Danielmouth Municipality,35322
MUNICIPALITY_1185,Xavierhaven Municipality,33443
MUNICIPALITY_1186,East David Municipality,
MUNICIPALITY_1187,East Joseside Municipality,19090
MUNICIPALITY_1188,Lake Gregorytown Municipality,138133
MUNICIPALITY_1189,Amyshire Municipality,7810
MUNICIPALITY_1190,Port Christopher Municipality,130125
MUNICIPALITY_1191,West Johnfurt Municipality,15456
MUNICIPALITY_1192,Spencermouth Municipality,94653
MUNICIPALITY_1193,New Marcus Municipality,4686
MUNICIPALITY_1194,Gillespieport Municipality,41960
MUNICIPALITY_1195,Lake Jessicahaven Municipality,9794
MUNICIPALITY_1196,Smithshire Municipality,4643
MUNICIPALITY_1197,Dawsonbury Municipality,28011
MUNICIPALITY_1198,Mcknightstad Municipality,66864
MUNICIPALITY_1199,Alisonchester Municipality,
